bib.Adj	<null>	Adjective
bib.Adj.AFP	<null>	Adjective - Accusative Feminine Plural
bib.Adj.AFP.C	<null>	Adjective - Accusative Feminine Plural - Comparative
bib.Adj.AFS	<null>	Adjective - Accusative Feminine Singular
bib.Adj.AFS.C	<null>	Adjective - Accusative Feminine Singular - Comparative
bib.Adj.AFS.S	<null>	Adjective - Accusative Feminine Singular - Superlative
bib.Adj.AMP	<null>	Adjective - Accusative Masculine Plural
bib.Adj.AMP.C	<null>	Adjective - Accusative Masculine Plural - Comparative
bib.Adj.AMS	<null>	Adjective - Accusative Masculine Singular
bib.Adj.AMS.C	<null>	Adjective - Accusative Masculine Singular - Comparative
bib.Adj.ANP	<null>	Adjective - Accusative Neuter Plural
bib.Adj.ANP.C	<null>	Adjective - Accusative Neuter Plural - Comparative
bib.Adj.ANP.S	<null>	Adjective - Accusative Neuter Plural - Superlative
bib.Adj.ANS	<null>	Adjective - Accusative Neuter Singular
bib.Adj.ANS.C	<null>	Adjective - Accusative Neuter Singular - Comparative
bib.Adj.ANS.S	<null>	Adjective - Accusative Neuter Singular - Superlative
bib.Adj.DFP	<null>	Adjective - Dative Feminine Plural
bib.Adj.DFP.C	<null>	Adjective - Dative Feminine Plural - Comparative
bib.Adj.DFS	<null>	Adjective - Dative Feminine Singular
bib.Adj.DFS.C	<null>	Adjective - Dative Feminine Singular - Comparative
bib.Adj.DFS.S	<null>	Adjective - Dative Feminine Singular - Superlative
bib.Adj.DMP	<null>	Adjective - Dative Masculine Plural
bib.Adj.DMP.C	<null>	Adjective - Dative Masculine Plural - Comparative
bib.Adj.DMS	<null>	Adjective - Dative Masculine Singular
bib.Adj.DMS.C	<null>	Adjective - Dative Masculine Singular - Comparative
bib.Adj.DMS.S	<null>	Adjective - Dative Masculine Singular - Superlative
bib.Adj.DNP	<null>	Adjective - Dative Neuter Plural
bib.Adj.DNP.S	<null>	Adjective - Dative Neuter Plural - Superlative
bib.Adj.DNS	<null>	Adjective - Dative Neuter Singular
bib.Adj.DNS.C	<null>	Adjective - Dative Neuter Singular - Comparative
bib.Adj.DNS.S	<null>	Adjective - Dative Neuter Singular - Superlative
bib.Adj.GFP	<null>	Adjective - Genitive Feminine Plural
bib.Adj.GFP.S	<null>	Adjective - Genitive Feminine Plural - Superlative
bib.Adj.GFS	<null>	Adjective - Genitive Feminine Singular
bib.Adj.GFS.C	<null>	Adjective - Genitive Feminine Singular - Comparative
bib.Adj.GMP	<null>	Adjective - Genitive Masculine Plural
bib.Adj.GMP.C	<null>	Adjective - Genitive Masculine Plural - Comparative
bib.Adj.GMP.S	<null>	Adjective - Genitive Masculine Plural - Superlative
bib.Adj.GMS	<null>	Adjective - Genitive Masculine Singular
bib.Adj.GMS.C	<null>	Adjective - Genitive Masculine Singular - Comparative
bib.Adj.GMS.S	<null>	Adjective - Genitive Masculine Singular - Superlative
bib.Adj.GNP	<null>	Adjective - Genitive Neuter Plural
bib.Adj.GNP.C	<null>	Adjective - Genitive Neuter Plural - Comparative
bib.Adj.GNP.S	<null>	Adjective - Genitive Neuter Plural - Superlative
bib.Adj.GNS	<null>	Adjective - Genitive Neuter Singular
bib.Adj.GNS.S	<null>	Adjective - Genitive Neuter Singular - Superlative
bib.Adj.NFP	<null>	Adjective - Nominative Feminine Plural
bib.Adj.NFP.C	<null>	Adjective - Nominative Feminine Plural - Comparative
bib.Adj.NFP.S	<null>	Adjective - Nominative Feminine Plural - Superlative
bib.Adj.NFS	<null>	Adjective - Nominative Feminine Singular
bib.Adj.NFS.C	<null>	Adjective - Nominative Feminine Singular - Comparative
bib.Adj.NFS.S	<null>	Adjective - Nominative Feminine Singular - Superlative
bib.Adj.NMP	<null>	Adjective - Nominative Masculine Plural
bib.Adj.NMP.C	<null>	Adjective - Nominative Masculine Plural - Comparative
bib.Adj.NMS	<null>	Adjective - Nominative Masculine Singular
bib.Adj.NMS.C	<null>	Adjective - Nominative Masculine Singular - Comparative
bib.Adj.NMS.S	<null>	Adjective - Nominative Masculine Singular - Superlative
bib.Adj.NNP	<null>	Adjective - Nominative Neuter Plural
bib.Adj.NNP.C	<null>	Adjective - Nominative Neuter Plural - Comparative
bib.Adj.NNS	<null>	Adjective - Nominative Neuter Singular
bib.Adj.NNS.C	<null>	Adjective - Nominative Neuter Singular - Comparative
bib.Adj.VFS	<null>	Adjective - Vocative Feminine Singular
bib.Adj.VMP	<null>	Adjective - Vocative Masculine Plural
bib.Adj.VMP.C	<null>	Adjective - Vocative Masculine Plural - Comparative
bib.Adj.VMS	<null>	Adjective - Vocative Masculine Singular
bib.Adj.VMS.S	<null>	Adjective - Vocative Masculine Singular - Superlative
bib.Adj.VNP	<null>	Adjective - Vocative Neuter Plural
bib.Adj.VNS	<null>	Adjective - Vocative Neuter Singular
bib.Adv	<null>	Adverb
bib.Adv	<null>	Adverb - Superlative
bib.Adv.C	<null>	Adverb - Comparative
bib.Adv.S	<null>	Adverb - Superlative
bib.Art.AFP	<null>	Article - Accusative Feminine Plural
bib.Art.AFS	<null>	Article - Accusative Feminine Singular
bib.Art.AMP	<null>	Article - Accusative Masculine Plural
bib.Art.AMS	<null>	Article - Accusative Masculine Singular
bib.Art.ANP	<null>	Article - Accusative Neuter Plural
bib.Art.ANS	<null>	Article - Accusative Neuter Singular
bib.Art.DFP	<null>	Article - Dative Feminine Plural
bib.Art.DFS	<null>	Article - Dative Feminine Singular
bib.Art.DMP	<null>	Article - Dative Masculine Plural
bib.Art.DMS	<null>	Article - Dative Masculine Singular
bib.Art.DNP	<null>	Article - Dative Neuter Plural
bib.Art.DNS	<null>	Article - Dative Neuter Singular
bib.Art.GFP	<null>	Article - Genitive Feminine Plural
bib.Art.GFS	<null>	Article - Genitive Feminine Singular
bib.Art.GMP	<null>	Article - Genitive Masculine Plural
bib.Art.GMS	<null>	Article - Genitive Masculine Singular
bib.Art.GNP	<null>	Article - Genitive Neuter Plural
bib.Art.GNS	<null>	Article - Genitive Neuter Singular
bib.Art.NFP	<null>	Article - Nominative Feminine Plural
bib.Art.NFS	<null>	Article - Nominative Feminine Singular
bib.Art.NMP	<null>	Article - Nominative Masculine Plural
bib.Art.NMS	<null>	Article - Nominative Masculine Singular
bib.Art.NNP	<null>	Article - Nominative Neuter Plural
bib.Art.NNS	<null>	Article - Nominative Neuter Singular
bib.Art.VFP	<null>	Article - Vocative Feminine Plural
bib.Art.VFS	<null>	Article - Vocative Feminine Singular
bib.Art.VMP	<null>	Article - Vocative Masculine Plural
bib.Art.VMS	<null>	Article - Vocative Masculine Singular
bib.Art.VNP	<null>	Article - Vocative Neuter Plural
bib.Art.VNS	<null>	Article - Vocative Neuter Singular
bib.Conj	<null>	
bib.Conj	<null>	Conjunction
bib.DPro.AFP	<null>	Demonstrative Pronoun - Accusative Feminine Plural
bib.DPro.AFS	<null>	Demonstrative Pronoun - Accusative Feminine Singular
bib.DPro.AMP	<null>	Demonstrative Pronoun - Accusative Masculine Plural
bib.DPro.AMS	<null>	Demonstrative Pronoun - Accusative Masculine Singular
bib.DPro.ANP	<null>	Demonstrative Pronoun - Accusative Neuter Plural
bib.DPro.ANS	<null>	Demonstrative Pronoun - Accusative Neuter Singular
bib.DPro.DFP	<null>	Demonstrative Pronoun - Dative Feminine Plural
bib.DPro.DFS	<null>	Demonstrative Pronoun - Dative Feminine Singular
bib.DPro.DMP	<null>	Demonstrative Pronoun - Dative Masculine Plural
bib.DPro.DMS	<null>	Demonstrative Pronoun - Dative Masculine Singular
bib.DPro.DNP	<null>	Demonstrative Pronoun - Dative Neuter Plural
bib.DPro.DNS	<null>	Demonstrative Pronoun - Dative Neuter Singular
bib.DPro.GFP	<null>	Demonstrative Pronoun - Genitive Feminine Plural
bib.DPro.GFS	<null>	Demonstrative Pronoun - Genitive Feminine Singular
bib.DPro.GMP	<null>	Demonstrative Pronoun - Genitive Masculine Plural
bib.DPro.GMS	<null>	Demonstrative Pronoun - Genitive Masculine Singular
bib.DPro.GNP	<null>	Demonstrative Pronoun - Genitive Neuter Plural
bib.DPro.GNS	<null>	Demonstrative Pronoun - Genitive Neuter Singular
bib.DPro.NFP	<null>	Demonstrative Pronoun - Nominative Feminine Plural
bib.DPro.NFS	<null>	Demonstrative Pronoun - Nominative Feminine Singular
bib.DPro.NMP	<null>	Demonstrative Pronoun - Nominative Masculine Plural
bib.DPro.NMS	<null>	Demonstrative Pronoun - Nominative Masculine Singular
bib.DPro.NNP	<null>	Demonstrative Pronoun - Nominative Neuter Plural
bib.DPro.NNS	<null>	Demonstrative Pronoun - Nominative Neuter Singular
bib.Heb	<null>	Hebrew Word
bib.Heb	<null>	Hebrew Word 
bib.I	<null>	Interjection
bib.Indec	<null>	Indec
bib.IntPrtcl	<null>	IntPrtcl
bib.IPro.AFP	<null>	Interrogative / Indefinite Pronoun - Accusative Feminine Plural
bib.IPro.AFS	<null>	Interrogative / Indefinite Pronoun - Accusative Feminine Singular
bib.IPro.AMP	<null>	Interrogative / Indefinite Pronoun - Accusative Masculine Plural
bib.IPro.AMS	<null>	Interrogative / Indefinite Pronoun - Accusative Masculine Singular
bib.IPro.ANP	<null>	Interrogative / Indefinite Pronoun - Accusative Neuter Plural
bib.IPro.ANS	<null>	Interrogative / Indefinite Pronoun - Accusative Neuter Singular
bib.IPro.DFS	<null>	Interrogative / Indefinite Pronoun - Dative Feminine Singular
bib.IPro.DMP	<null>	Interrogative / Indefinite Pronoun - Dative Masculine Plural
bib.IPro.DMS	<null>	Interrogative / Indefinite Pronoun - Dative Masculine Singular
bib.IPro.DNS	<null>	Interrogative / Indefinite Pronoun - Dative Neuter Singular
bib.IPro.GFP	<null>	Interrogative / Indefinite Pronoun - Genitive Feminine Plural
bib.IPro.GFS	<null>	Interrogative / Indefinite Pronoun - Genitive Feminine Singular
bib.IPro.GMP	<null>	Interrogative / Indefinite Pronoun - Genitive Masculine Plural
bib.IPro.GMS	<null>	Interrogative / Indefinite Pronoun - Genitive Masculine Singular
bib.IPro.GNP	<null>	Interrogative / Indefinite Pronoun - Genitive Neuter Plural
bib.IPro.GNS	<null>	Interrogative / Indefinite Pronoun - Genitive Neuter Singular
bib.IPro.NFP	<null>	Interrogative / Indefinite Pronoun - Nominative Feminine Plural
bib.IPro.NFS	<null>	Interrogative / Indefinite Pronoun - Nominative Feminine Singular
bib.IPro.NMP	<null>	Interrogative / Indefinite Pronoun - Nominative Masculine Plural
bib.IPro.NMS	<null>	Interrogative / Indefinite Pronoun - Nominative Masculine Singular
bib.IPro.NNP	<null>	Interrogative / Indefinite Pronoun - Nominative Neuter Plural
bib.IPro.NNS	<null>	Interrogative / Indefinite Pronoun - Nominative Neuter Singular
bib.N	<null>	Noun
bib.N.AFP	<null>	Noun - Accusative Feminine Plural
bib.N.AFS	<null>	Noun - Accusative Feminine Singular
bib.N.AMP	<null>	Noun - Accusative Masculine Plural
bib.N.AMS	<null>	Noun - Accusative Masculine Singular
bib.N.ANP	<null>	Noun - Accusative Neuter Plural
bib.N.ANS	<null>	Noun - Accusative Neuter Singular
bib.N.DFP	<null>	Noun - Dative Feminine Plural
bib.N.DFS	<null>	Noun - Dative Feminine Singular
bib.N.DMP	<null>	Noun - Dative Masculine Plural
bib.N.DMS	<null>	Noun - Dative Masculine Singular
bib.N.DNP	<null>	Noun - Dative Neuter Plural
bib.N.DNS	<null>	Noun - Dative Neuter Singular
bib.N.GFP	<null>	Noun - Genitive Feminine Plural
bib.N.GFS	<null>	Noun - Genitive Feminine Singular
bib.N.GMP	<null>	Noun - Genitive Masculine Plural
bib.N.GMS	<null>	Noun - Genitive Masculine Singular
bib.N.GNP	<null>	Noun - Genitive Neuter Plural
bib.N.GNS	<null>	Noun - Genitive Neuter Singular
bib.N.NFP	<null>	Noun - Nominative Feminine Plural
bib.N.NFS	<null>	Noun - Nominative Feminine Singular
bib.N.NMP	<null>	Noun - Nominative Masculine Plural
bib.N.NMS	<null>	Noun - Nominative Masculine Singular
bib.N.NNP	<null>	Noun - Nominative Neuter Plural
bib.N.NNS	<null>	Noun - Nominative Neuter Singular
bib.N.VFP	<null>	Noun - Vocative Feminine Plural
bib.N.VFS	<null>	Noun - Vocative Feminine Singular
bib.N.VMP	<null>	Noun - Vocative Masculine Plural
bib.N.VMS	<null>	Noun - Vocative Masculine Singular
bib.N.VNP	<null>	Noun - Vocative Neuter Plural
bib.N.VNS	<null>	Noun - Vocative Neuter Singular
bib.PPro.A1P	<null>	Personal / Possessive Pronoun - Accusative 1st Person Plural
bib.PPro.A1S	<null>	Personal / Possessive Pronoun - Accusative 1st Person Singular
bib.PPro.A2P	<null>	
bib.PPro.A2P	<null>	Personal / Possessive Pronoun - Accusative 2nd Person Plural
bib.PPro.A2S	<null>	Personal / Possessive Pronoun - Accusative 2nd Person Singular
bib.PPro.AF1P	<null>	Personal / Possessive Pronoun - Accusative Feminine 1st Person Plural
bib.PPro.AF1S	<null>	Personal / Possessive Pronoun - Accusative Feminine 1st Person Singular
bib.PPro.AF2P	<null>	Personal / Possessive Pronoun - Accusative Feminine 2nd Person Plural
bib.PPro.AF2S	<null>	Personal / Possessive Pronoun - Accusative Feminine 2nd Person Singular
bib.PPro.AF3P	<null>	Personal / Possessive Pronoun - Accusative Feminine 3rd Person Plural
bib.PPro.AF3S	<null>	Personal / Possessive Pronoun - Accusative Feminine 3rd Person Singular
bib.PPro.AM1P	<null>	Personal / Possessive Pronoun - Accusative Masculine 1st Person Plural
bib.PPro.AM1S	<null>	Personal / Possessive Pronoun - Accusative Masculine 1st Person Singular
bib.PPro.AM2P	<null>	Personal / Possessive Pronoun - Accusative Masculine 2nd Person Plural
bib.PPro.AM2S	<null>	Personal / Possessive Pronoun - Accusative Masculine 2nd Person Singular
bib.PPro.AM3P	<null>	Personal / Possessive Pronoun - Accusative Masculine 3rd Person Plural
bib.PPro.AM3S	<null>	Personal / Possessive Pronoun - Accusative Masculine 3rd Person Singular
bib.PPro.AN1P	<null>	Personal / Possessive Pronoun - Accusative Neuter 1st Person Plural
bib.PPro.AN1S	<null>	Personal / Possessive Pronoun - Accusative Neuter 1st Person Singular
bib.PPro.AN2P	<null>	Personal / Possessive Pronoun - Accusative Neuter 2nd Person Plural
bib.PPro.AN2S	<null>	Personal / Possessive Pronoun - Accusative Neuter 2nd Person Singular
bib.PPro.AN3P	<null>	Personal / Possessive Pronoun - Accusative Neuter 3rd Person Plural
bib.PPro.AN3S	<null>	Personal / Possessive Pronoun - Accusative Neuter 3rd Person Singular
bib.PPro.D1P	<null>	Personal / Possessive Pronoun - Dative 1st Person Plural
bib.PPro.D1S	<null>	Personal / Possessive Pronoun - Dative 1st Person Singular
bib.PPro.D2P	<null>	Personal / Possessive Pronoun - Dative 2nd Person Plural
bib.PPro.D2S	<null>	Personal / Possessive Pronoun - Dative 2nd Person Singular
bib.PPro.DF1P	<null>	Personal / Possessive Pronoun - Dative Feminine 1st Person Plural
bib.PPro.DF1S	<null>	Personal / Possessive Pronoun - Dative Feminine 1st Person Singular
bib.PPro.DF2P	<null>	Personal / Possessive Pronoun - Dative Feminine 2nd Person Plural
bib.PPro.DF2S	<null>	Personal / Possessive Pronoun - Dative Feminine 2nd Person Singular
bib.PPro.DF3P	<null>	Personal / Possessive Pronoun - Dative Feminine 3rd Person Plural
bib.PPro.DF3S	<null>	Personal / Possessive Pronoun - Dative Feminine 3rd Person Singular
bib.PPro.DM1P	<null>	Personal / Possessive Pronoun - Dative Masculine 1st Person Plural
bib.PPro.DM1S	<null>	Personal / Possessive Pronoun - Dative Masculine 1st Person Singular
bib.PPro.DM2P	<null>	Personal / Possessive Pronoun - Dative Masculine 2nd Person Plural
bib.PPro.DM2S	<null>	Personal / Possessive Pronoun - Dative Masculine 2nd Person Singular
bib.PPro.DM3P	<null>	Personal / Possessive Pronoun - Dative Masculine 3rd Person Plural
bib.PPro.DM3S	<null>	Personal / Possessive Pronoun - Dative Masculine 3rd Person Singular
bib.PPro.DN1P	<null>	Personal / Possessive Pronoun - Dative Neuter 1st Person Plural
bib.PPro.DN1S	<null>	Personal / Possessive Pronoun - Dative Neuter 1st Person Singular
bib.PPro.DN3P	<null>	Personal / Possessive Pronoun - Dative Neuter 3rd Person Plural
bib.PPro.DN3S	<null>	Personal / Possessive Pronoun - Dative Neuter 3rd Person Singular
bib.PPro.G1P	<null>	Personal / Possessive Pronoun - Genitive 1st Person Plural
bib.PPro.G1S	<null>	Personal / Possessive Pronoun - Genitive 1st Person Singular
bib.PPro.G2P	<null>	Personal / Possessive Pronoun - Genitive 2nd Person Plural
bib.PPro.G2S	<null>	Personal / Possessive Pronoun - Genitive 2nd Person Singular
bib.PPro.GF1P	<null>	Personal / Possessive Pronoun - Genitive Feminine 1st Person Plural
bib.PPro.GF1S	<null>	Personal / Possessive Pronoun - Genitive Feminine 1st Person Singular
bib.PPro.GF2P	<null>	Personal / Possessive Pronoun - Genitive Feminine 2nd Person Plural
bib.PPro.GF2S	<null>	Personal / Possessive Pronoun - Genitive Feminine 2nd Person Singular
bib.PPro.GF3P	<null>	Personal / Possessive Pronoun - Genitive Feminine 3rd Person Plural
bib.PPro.GF3S	<null>	Personal / Possessive Pronoun - Genitive Feminine 3rd Person Singular
bib.PPro.GM1S	<null>	Personal / Possessive Pronoun - Genitive Masculine 1st Person Singular
bib.PPro.GM2S	<null>	Personal / Possessive Pronoun - Genitive Masculine 2nd Person Singular
bib.PPro.GM3P	<null>	Personal / Possessive Pronoun - Genitive Masculine 3rd Person Plural
bib.PPro.GM3S	<null>	Personal / Possessive Pronoun - Genitive Masculine 3rd Person Singular
bib.PPro.GN1P	<null>	Personal / Possessive Pronoun - Genitive Neuter 1st Person Plural
bib.PPro.GN3P	<null>	Personal / Possessive Pronoun - Genitive Neuter 3rd Person Plural
bib.PPro.GN3S	<null>	Personal / Possessive Pronoun - Genitive Neuter 3rd Person Singular
bib.PPro.N1P	<null>	Personal / Possessive Pronoun - Nominative 1st Person Plural
bib.PPro.N1S	<null>	Personal / Possessive Pronoun - Nominative 1st Person Singular
bib.PPro.N2P	<null>	Personal / Possessive Pronoun - Nominative 2nd Person Plural
bib.PPro.N2S	<null>	Personal / Possessive Pronoun - Nominative 2nd Person Singular
bib.PPro.NF1P	<null>	Personal / Possessive Pronoun - Nominative Feminine 1st Person Plural
bib.PPro.NF1S	<null>	Personal / Possessive Pronoun - Nominative Feminine 1st Person Singular
bib.PPro.NF2P	<null>	Personal / Possessive Pronoun - Nominative Feminine 2nd Person Plural
bib.PPro.NF3S	<null>	Personal / Possessive Pronoun - Nominative Feminine 3rd Person Singular
bib.PPro.NFS	<null>	Personal / Possessive Pronoun - Nominative Feminine Singular
bib.PPro.NM1P	<null>	Personal / Possessive Pronoun - Nominative Masculine 1st Person Plural
bib.PPro.NM1S	<null>	Personal / Possessive Pronoun - Nominative Masculine 1st Person Singular
bib.PPro.NM2P	<null>	Personal / Possessive Pronoun - Nominative Masculine 2nd Person Plural
bib.PPro.NM2S	<null>	Personal / Possessive Pronoun - Nominative Masculine 2nd Person Singular
bib.PPro.NM3P	<null>	Personal / Possessive Pronoun - Nominative Masculine 3rd Person Plural
bib.PPro.NM3S	<null>	Personal / Possessive Pronoun - Nominative Masculine 3rd Person Singular
bib.PPro.NN1P	<null>	Personal / Possessive Pronoun - Nominative Neuter 1st Person Plural
bib.PPro.NN1S	<null>	Personal / Possessive Pronoun - Nominative Neuter 1st Person Singular
bib.PPro.NN2P	<null>	Personal / Possessive Pronoun - Nominative Neuter 2nd Person Plural
bib.PPro.NN2S	<null>	Personal / Possessive Pronoun - Nominative Neuter 2nd Person Singular
bib.PPro.NN3P	<null>	Personal / Possessive Pronoun - Nominative Neuter 3rd Person Plural
bib.PPro.NN3S	<null>	Personal / Possessive Pronoun - Nominative Neuter 3rd Person Singular
bib.Prep	<null>	Preposition
bib.Prtcl	<null>	Particle
bib.RecPro.AMP	<null>	Personal / Reciprocal Pronoun - Accusative Masculine Plural
bib.RecPro.DMP	<null>	Personal / Reciprocal Pronoun - Dative Masculine Plural
bib.RecPro.DNP	<null>	Personal / Reciprocal Pronoun - Dative Neuter Plural
bib.RecPro.GMP	<null>	Personal / Reciprocal Pronoun - Genitive Masculine Plural
bib.RefPro.AF3P	<null>	Reflexive Pronoun - Accusative Feminine 3rd Person Plural
bib.RefPro.AF3S	<null>	Reflexive Pronoun - Accusative Feminine 3rd Person Singular
bib.RefPro.AM3P	<null>	Reflexive Pronoun - Accusative Masculine 3rd Person Plural
bib.RefPro.AM3S	<null>	Reflexive Pronoun - Accusative Masculine 3rd Person Singular
bib.RefPro.AN3P	<null>	Reflexive Pronoun - Accusative Neuter 3rd Person Plural
bib.RefPro.DF3P	<null>	Reflexive Pronoun - Dative Feminine 3rd Person Plural
bib.RefPro.DF3S	<null>	Reflexive Pronoun - Dative Feminine 3rd Person Singular
bib.RefPro.DM3P	<null>	Reflexive Pronoun - Dative Masculine 3rd Person Plural
bib.RefPro.DM3S	<null>	Reflexive Pronoun - Dative Masculine 3rd Person Singular
bib.RefPro.GF3P	<null>	Reflexive Pronoun - Genitive Feminine 3rd Person Plural
bib.RefPro.GF3S	<null>	Reflexive Pronoun - Genitive Feminine 3rd Person Singular
bib.RefPro.GM3P	<null>	Reflexive Pronoun - Genitive Masculine 3rd Person Plural
bib.RefPro.GM3S	<null>	Reflexive Pronoun - Genitive Masculine 3rd Person Singular
bib.RefPro.GN3P	<null>	Reflexive Pronoun - Genitive Neuter 3rd Person Plural
bib.RefPro.GN3S	<null>	Reflexive Pronoun - Genitive Neuter 3rd Person Singular
bib.RelPro.AFP	<null>	Personal / Relative Pronoun - Accusative Feminine Plural
bib.RelPro.AFS	<null>	Personal / Relative Pronoun - Accusative Feminine Singular
bib.RelPro.AMP	<null>	Personal / Relative Pronoun - Accusative Masculine Plural
bib.RelPro.AMS	<null>	Personal / Relative Pronoun - Accusative Masculine Singular
bib.RelPro.ANP	<null>	Personal / Relative Pronoun - Accusative Neuter Plural
bib.RelPro.ANS	<null>	Personal / Relative Pronoun - Accusative Neuter Singular
bib.RelPro.DFP	<null>	Personal / Relative Pronoun - Dative Feminine Plural
bib.RelPro.DFS	<null>	Personal / Relative Pronoun - Dative Feminine Singular
bib.RelPro.DMP	<null>	Personal / Relative Pronoun - Dative Masculine Plural
bib.RelPro.DMS	<null>	Personal / Relative Pronoun - Dative Masculine Singular
bib.RelPro.DNP	<null>	Personal / Relative Pronoun - Dative Neuter Plural
bib.RelPro.DNS	<null>	Personal / Relative Pronoun - Dative Neuter Singular
bib.RelPro.GFP	<null>	Personal / Relative Pronoun - Genitive Feminine Plural
bib.RelPro.GFS	<null>	Personal / Relative Pronoun - Genitive Feminine Singular
bib.RelPro.GMP	<null>	Personal / Relative Pronoun - Genitive Masculine Plural
bib.RelPro.GMS	<null>	Personal / Relative Pronoun - Genitive Masculine Singular
bib.RelPro.GNP	<null>	Personal / Relative Pronoun - Genitive Neuter Plural
bib.RelPro.GNS	<null>	Personal / Relative Pronoun - Genitive Neuter Singular
bib.RelPro.NFP	<null>	Personal / Relative Pronoun - Nominative Feminine Plural
bib.RelPro.NFS	<null>	Personal / Relative Pronoun - Nominative Feminine Singular
bib.RelPro.NMP	<null>	Personal / Relative Pronoun - Nominative Masculine Plural
bib.RelPro.NMS	<null>	Personal / Relative Pronoun - Nominative Masculine Singular
bib.RelPro.NNP	<null>	Personal / Relative Pronoun - Nominative Neuter Plural
bib.RelPro.NNS	<null>	Personal / Relative Pronoun - Nominative Neuter Singular
bib.V.AIA.1P	<null>	Verb - Aorist Indicative Active - 1st Person Plural
bib.V.AIA.1S	<null>	Verb - Aorist Indicative Active - 1st Person Singular
bib.V.AIA.2P	<null>	Verb - Aorist Indicative Active - 2nd Person Plural
bib.V.AIA.2S	<null>	Verb - Aorist Indicative Active - 2nd Person Singular
bib.V.AIA.3P	<null>	Verb - Aorist Indicative Active - 3rd Person Plural
bib.V.AIA.3S	<null>	Verb - Aorist Indicative Active - 3rd Person Singular
bib.V.AIM.1P	<null>	Verb - Aorist Indicative Middle - 1st Person Plural
bib.V.AIM.1S	<null>	Verb - Aorist Indicative Middle - 1st Person Singular
bib.V.AIM.2P	<null>	Verb - Aorist Indicative Middle - 2nd Person Plural
bib.V.AIM.2S	<null>	Verb - Aorist Indicative Middle - 2nd Person Singular
bib.V.AIM.3P	<null>	Verb - Aorist Indicative Middle - 3rd Person Plural
bib.V.AIM.3S	<null>	Verb - Aorist Indicative Middle - 3rd Person Singular
bib.V.AIP.1P	<null>	Verb - Aorist Indicative Passive - 1st Person Plural
bib.V.AIP.1S	<null>	Verb - Aorist Indicative Passive - 1st Person Singular
bib.V.AIP.2P	<null>	Verb - Aorist Indicative Passive - 2nd Person Plural
bib.V.AIP.2S	<null>	Verb - Aorist Indicative Passive - 2nd Person Singular
bib.V.AIP.3P	<null>	Verb - Aorist Indicative Passive - 3rd Person Plural
bib.V.AIP.3S	<null>	Verb - Aorist Indicative Passive - 3rd Person Singular
bib.V.AMA.2P	<null>	Verb - Aorist Imperative Active - 2nd Person Plural
bib.V.AMA.2S	<null>	Verb - Aorist Imperative Active - 2nd Person Singular
bib.V.AMA.3P	<null>	Verb - Aorist Imperative Active - 3rd Person Plural
bib.V.AMA.3S	<null>	Verb - Aorist Imperative Active - 3rd Person Singular
bib.V.AMM.2P	<null>	Verb - Aorist Imperative Middle - 2nd Person Plural
bib.V.AMM.2S	<null>	Verb - Aorist Imperative Middle - 2nd Person Singular
bib.V.AMM.3P	<null>	Verb - Aorist Imperative Middle - 3rd Person Plural
bib.V.AMM.3S	<null>	Verb - Aorist Imperative Middle - 3rd Person Singular
bib.V.AMP.2P	<null>	Verb - Aorist Imperative Passive - 2nd Person Plural
bib.V.AMP.2S	<null>	Verb - Aorist Imperative Passive - 2nd Person Singular
bib.V.AMP.3P	<null>	Verb - Aorist Imperative Passive - 3rd Person Plural
bib.V.AMP.3S	<null>	Verb - Aorist Imperative Passive - 3rd Person Singular
bib.V.ANA	<null>	Verb - Aorist Infinitive Active
bib.V.ANM	<null>	Verb - Aorist Infinitive Middle
bib.V.ANM.3S	<null>	Verb - Aorist Infinitive Middle - 3rd Person Singular
bib.V.ANM/P	<null>	Verb - Aorist Infinitive Middle or Passive
bib.V.ANP	<null>	Verb - Aorist Infinitive Passive
bib.V.AOA.3P	<null>	Verb - Aorist Optative Active - 3rd Person Plural
bib.V.AOA.3S	<null>	Verb - Aorist Optative Active - 3rd Person Singular
bib.V.AOM.1S	<null>	Verb - Aorist Optative Middle - 1st Person Singular
bib.V.AOM.3S	<null>	Verb - Aorist Optative Middle - 3rd Person Singular
bib.V.AOP.3S	<null>	Verb - Aorist Optative Passive - 3rd Person Singular
bib.V.APA.AFP	<null>	Verb - Aorist Participle Active - Accusative Feminine Plural
bib.V.APA.AFS	<null>	Verb - Aorist Participle Active - Accusative Feminine Singular
bib.V.APA.AMP	<null>	Verb - Aorist Participle Active - Accusative Masculine Plural
bib.V.APA.AMS	<null>	Verb - Aorist Participle Active - Accusative Masculine Singular
bib.V.APA.ANP	<null>	Verb - Aorist Participle Active - Accusative Neuter Plural
bib.V.APA.ANS	<null>	Verb - Aorist Participle Active - Accusative Neuter Singular
bib.V.APA.DFP	<null>	Verb - Aorist Participle Active - Dative Feminine Plural
bib.V.APA.DFS	<null>	Verb - Aorist Participle Active - Dative Feminine Singular
bib.V.APA.DMP	<null>	Verb - Aorist Participle Active - Dative Masculine Plural
bib.V.APA.DMS	<null>	Verb - Aorist Participle Active - Dative Masculine Singular
bib.V.APA.GFS	<null>	Verb - Aorist Participle Active - Genitive Feminine Singular
bib.V.APA.GMP	<null>	Verb - Aorist Participle Active - Genitive Masculine Plural
bib.V.APA.GMS	<null>	Verb - Aorist Participle Active - Genitive Masculine Singular
bib.V.APA.GNS	<null>	Verb - Aorist Participle Active - Genitive Neuter Singular
bib.V.APA.NFP	<null>	Verb - Aorist Participle Active - Nominative Feminine Plural
bib.V.APA.NFS	<null>	Verb - Aorist Participle Active - Nominative Feminine Singular
bib.V.APA.NMP	<null>	Verb - Aorist Participle Active - Nominative Masculine Plural
bib.V.APA.NMS	<null>	Verb - Aorist Participle Active - Nominative Masculine Singular
bib.V.APA.NNP	<null>	Verb - Aorist Participle Active - Nominative Neuter Plural
bib.V.APA.NNS	<null>	Verb - Aorist Participle Active - Nominative Neuter Singular
bib.V.APM.AFS	<null>	Verb - Aorist Participle Middle - Accusative Feminine Singular
bib.V.APM.AMP	<null>	Verb - Aorist Participle Middle - Accusative Masculine Plural
bib.V.APM.AMS	<null>	Verb - Aorist Participle Middle - Accusative Masculine Singular
bib.V.APM.ANP	<null>	Verb - Aorist Participle Middle - Accusative Neuter Plural
bib.V.APM.ANS	<null>	Verb - Aorist Participle Middle - Accusative Neuter Singular
bib.V.APM.DMP	<null>	Verb - Aorist Participle Middle - Dative Masculine Plural
bib.V.APM.DNP	<null>	Verb - Aorist Participle Middle - Dative Neuter Plural
bib.V.APM.GFP	<null>	Verb - Aorist Participle Middle - Genitive Feminine Plural
bib.V.APM.GFS	<null>	Verb - Aorist Participle Middle - Genitive Feminine Singular
bib.V.APM.GMP	<null>	Verb - Aorist Participle Middle - Genitive Masculine Plural
bib.V.APM.GMS	<null>	Verb - Aorist Participle Middle - Genitive Masculine Singular
bib.V.APM.GNP	<null>	Verb - Aorist Participle Middle - Genitive Neuter Plural
bib.V.APM.GNS	<null>	Verb - Aorist Participle Middle - Genitive Neuter Singular
bib.V.APM.NFP	<null>	Verb - Aorist Participle Middle - Nominative Feminine Plural
bib.V.APM.NFS	<null>	Verb - Aorist Participle Middle - Nominative Feminine Singular
bib.V.APM.NMP	<null>	Verb - Aorist Participle Middle - Nominative Masculine Plural
bib.V.APM.NMS	<null>	Verb - Aorist Participle Middle - Nominative Masculine Singular
bib.V.APM.NNS	<null>	Verb - Aorist Participle Middle - Nominative Neuter Singular
bib.V.APM/P.ANP	<null>	Verb - Aorist Participle Middle or Passive - Accusative Neuter Plural
bib.V.APM/P.GFS	<null>	Verb - Aorist Participle Middle or Passive - Genitive Feminine Singular
bib.V.APM/P.NMS	<null>	Verb - Aorist Participle Middle or Passive - Nominative Masculine Singular
bib.V.APP.AFS	<null>	Verb - Aorist Participle Passive - Accusative Feminine Singular
bib.V.APP.AMP	<null>	Verb - Aorist Participle Passive - Accusative Masculine Plural
bib.V.APP.AMS	<null>	Verb - Aorist Participle Passive - Accusative Masculine Singular
bib.V.APP.ANP	<null>	Verb - Aorist Participle Passive - Accusative Neuter Plural
bib.V.APP.ANS	<null>	Verb - Aorist Participle Passive - Accusative Neuter Singular
bib.V.APP.DFS	<null>	Verb - Aorist Participle Passive - Dative Feminine Singular
bib.V.APP.DMS	<null>	Verb - Aorist Participle Passive - Dative Masculine Singular
bib.V.APP.DNP	<null>	Verb - Aorist Participle Passive - Dative Neuter Plural
bib.V.APP.DNS	<null>	Verb - Aorist Participle Passive - Dative Neuter Singular
bib.V.APP.GFP	<null>	Verb - Aorist Participle Passive - Genitive Feminine Plural
bib.V.APP.GFS	<null>	Verb - Aorist Participle Passive - Genitive Feminine Singular
bib.V.APP.GMP	<null>	Verb - Aorist Participle Passive - Genitive Masculine Plural
bib.V.APP.GMS	<null>	Verb - Aorist Participle Passive - Genitive Masculine Singular
bib.V.APP.GNP	<null>	Verb - Aorist Participle Passive - Genitive Neuter Plural
bib.V.APP.GNS	<null>	Verb - Aorist Participle Passive - Genitive Neuter Singular
bib.V.APP.NFP	<null>	Verb - Aorist Participle Passive - Nominative Feminine Plural
bib.V.APP.NFS	<null>	Verb - Aorist Participle Passive - Nominative Feminine Singular
bib.V.APP.NMP	<null>	Verb - Aorist Participle Passive - Nominative Masculine Plural
bib.V.APP.NMS	<null>	Verb - Aorist Participle Passive - Nominative Masculine Singular
bib.V.APP.NNP	<null>	Verb - Aorist Participle Passive - Nominative Neuter Plural
bib.V.APP.NNS	<null>	Verb - Aorist Participle Passive - Nominative Neuter Singular
bib.V.ASA.1P	<null>	Verb - Aorist Subjunctive Active - 1st Person Plural
bib.V.ASA.1S	<null>	Verb - Aorist Subjunctive Active - 1st Person Singular
bib.V.ASA.2P	<null>	Verb - Aorist Subjunctive Active - 2nd Person Plural
bib.V.ASA.2S	<null>	Verb - Aorist Subjunctive Active - 2nd Person Singular
bib.V.ASA.3P	<null>	Verb - Aorist Subjunctive Active - 3rd Person Plural
bib.V.ASA.3S	<null>	Verb - Aorist Subjunctive Active - 3rd Person Singular
bib.V.ASM.1P	<null>	Verb - Aorist Subjunctive Middle - 1st Person Plural
bib.V.ASM.1S	<null>	Verb - Aorist Subjunctive Middle - 1st Person Singular
bib.V.ASM.2P	<null>	Verb - Aorist Subjunctive Middle - 2nd Person Plural
bib.V.ASM.2S	<null>	Verb - Aorist Subjunctive Middle - 2nd Person Singular
bib.V.ASM.3P	<null>	Verb - Aorist Subjunctive Middle - 3rd Person Plural
bib.V.ASM.3S	<null>	Verb - Aorist Subjunctive Middle - 3rd Person Singular
bib.V.ASP.1P	<null>	Verb - Aorist Subjunctive Passive - 1st Person Plural
bib.V.ASP.1S	<null>	Verb - Aorist Subjunctive Passive - 1st Person Singular
bib.V.ASP.2P	<null>	Verb - Aorist Subjunctive Passive - 2nd Person Plural
bib.V.ASP.2S	<null>	Verb - Aorist Subjunctive Passive - 2nd Person Singular
bib.V.ASP.3P	<null>	Verb - Aorist Subjunctive Passive - 3rd Person Plural
bib.V.ASP.3S	<null>	Verb - Aorist Subjunctive Passive - 3rd Person Singular
bib.V.FI.3P	<null>	Verb - Future Indicative - 3rd Person Plural
bib.V.FIA.1P	<null>	Verb - Future Indicative Active - 1st Person Plural
bib.V.FIA.1S	<null>	Verb - Future Indicative Active - 1st Person Singular
bib.V.FIA.2P	<null>	Verb - Future Indicative Active - 2nd Person Plural
bib.V.FIA.2S	<null>	Verb - Future Indicative Active - 2nd Person Singular
bib.V.FIA.3P	<null>	Verb - Future Indicative Active - 3rd Person Plural
bib.V.FIA.3S	<null>	Verb - Future Indicative Active - 3rd Person Singular
bib.V.FIM.1P	<null>	Verb - Future Indicative Middle - 1st Person Plural
bib.V.FIM.1S	<null>	Verb - Future Indicative Middle - 1st Person Singular
bib.V.FIM.2P	<null>	Verb - Future Indicative Middle - 2nd Person Plural
bib.V.FIM.2S	<null>	Verb - Future Indicative Middle - 2nd Person Singular
bib.V.FIM.3P	<null>	Verb - Future Indicative Middle - 3rd Person Plural
bib.V.FIM.3S	<null>	Verb - Future Indicative Middle - 3rd Person Singular
bib.V.FIM/P.2P	<null>	Verb - Future Indicative Middle or Passive - 2nd Person Plural
bib.V.FIP.1P	<null>	Verb - Future Indicative Passive - 1st Person Plural
bib.V.FIP.1S	<null>	Verb - Future Indicative Passive - 1st Person Singular
bib.V.FIP.2P	<null>	Verb - Future Indicative Passive - 2nd Person Plural
bib.V.FIP.2S	<null>	Verb - Future Indicative Passive - 2nd Person Singular
bib.V.FIP.3P	<null>	Verb - Future Indicative Passive - 3rd Person Plural
bib.V.FIP.3S	<null>	Verb - Future Indicative Passive - 3rd Person Singular
bib.V.FNA	<null>	Verb - Future Infinitive Active
bib.V.FNM	<null>	Verb - Future Infinitive Middle
bib.V.FPA.ANP	<null>	Verb - Future Participle Active - Accusative Neuter Plural
bib.V.FPA.NMP	<null>	Verb - Future Participle Active - Nominative Masculine Plural
bib.V.FPA.NMS	<null>	Verb - Future Participle Active - Nominative Masculine Singular
bib.V.FPM.ANS	<null>	Verb - Future Participle Middle - Accusative Neuter Singular
bib.V.FPP.GNP	<null>	Verb - Future Participle Passive - Genitive Neuter Plural
bib.V.IIA.1P	<null>	Verb - Imperfect Indicative Active - 1st Person Plural
bib.V.IIA.1S	<null>	Verb - Imperfect Indicative Active - 1st Person Singular
bib.V.IIA.2P	<null>	Verb - Imperfect Indicative Active - 2nd Person Plural
bib.V.IIA.2S	<null>	Verb - Imperfect Indicative Active - 2nd Person Singular
bib.V.IIA.3P	<null>	Verb - Imperfect Indicative Active - 3rd Person Plural
bib.V.IIA.3S	<null>	Verb - Imperfect Indicative Active - 3rd Person Singular
bib.V.IIM.1P	<null>	Verb - Imperfect Indicative Middle - 1st Person Plural
bib.V.IIM.1S	<null>	Verb - Imperfect Indicative Middle - 1st Person Singular
bib.V.IIM.2S	<null>	Verb - Imperfect Indicative Middle - 2nd Person Singular
bib.V.IIM.3P	<null>	Verb - Imperfect Indicative Middle - 3rd Person Plural
bib.V.IIM.3S	<null>	Verb - Imperfect Indicative Middle - 3rd Person Singular
bib.V.IIM/P.1P	<null>	Verb - Imperfect Indicative Middle or Passive - 1st Person Plural
bib.V.IIM/P.1S	<null>	Verb - Imperfect Indicative Middle or Passive - 1st Person Singular
bib.V.IIM/P.2P	<null>	Verb - Imperfect Indicative Middle or Passive - 2nd Person Plural
bib.V.IIM/P.2S	<null>	Verb - Imperfect Indicative Middle or Passive - 2nd Person Singular
bib.V.IIM/P.3P	<null>	Verb - Imperfect Indicative Middle or Passive - 3rd Person Plural
bib.V.IIM/P.3S	<null>	Verb - Imperfect Indicative Middle or Passive - 3rd Person Singular
bib.V.IIP.1P	<null>	Verb - Imperfect Indicative Passive - 1st Person Plural
bib.V.IIP.3P	<null>	Verb - Imperfect Indicative Passive - 3rd Person Plural
bib.V.IIP.3S	<null>	Verb - Imperfect Indicative Passive - 3rd Person Singular
bib.V.LIA.1S	<null>	Verb - Pluperfect Indicative Active - 1st Person Singular
bib.V.LIA.2P	<null>	Verb - Pluperfect Indicative Active - 2nd Person Plural
bib.V.LIA.2S	<null>	Verb - Pluperfect Indicative Active - 2nd Person Singular
bib.V.LIA.3P	<null>	Verb - Pluperfect Indicative Active - 3rd Person Plural
bib.V.LIA.3S	<null>	Verb - Pluperfect Indicative Active - 3rd Person Singular
bib.V.LIM.3P	<null>	Verb - Pluperfect Indicative Middle - 3rd Person Plural
bib.V.LIM.3S	<null>	Verb - Pluperfect Indicative Middle - 3rd Person Singular
bib.V.LIM/P.3S	<null>	Verb - Pluperfect Indicative Middle or Passive - 3rd Person Singular
bib.V.M.2P	<null>	Verb - Imperative - 2nd Person Plural
bib.V.M.2S	<null>	Verb - Imperative - 2nd Person Singular
bib.V.PI.3S	<null>	Verb - Present Indicative - 3rd Person Singular
bib.V.PIA.1P	<null>	Verb - Present Indicative Active - 1st Person Plural
bib.V.PIA.1S	<null>	Verb - Present Indicative Active - 1st Person Singular
bib.V.PIA.2P	<null>	Verb - Present Indicative Active - 2nd Person Plural
bib.V.PIA.2S	<null>	Verb - Present Indicative Active - 2nd Person Singular
bib.V.PIA.3P	<null>	Verb - Present Indicative Active - 3rd Person Plural
bib.V.PIA.3S	<null>	Verb - Present Indicative Active - 3rd Person Singular
bib.V.PIM.1P	<null>	Verb - Present Indicative Middle - 1st Person Plural
bib.V.PIM.1S	<null>	Verb - Present Indicative Middle - 1st Person Singular
bib.V.PIM.2P	<null>	Verb - Present Indicative Middle - 2nd Person Plural
bib.V.PIM.3P	<null>	Verb - Present Indicative Middle - 3rd Person Plural
bib.V.PIM.3S	<null>	Verb - Present Indicative Middle - 3rd Person Singular
bib.V.PIM/P.1P	<null>	Verb - Present Indicative Middle or Passive - 1st Person Plural
bib.V.PIM/P.1S	<null>	Verb - Present Indicative Middle or Passive - 1st Person Singular
bib.V.PIM/P.2P	<null>	Verb - Present Indicative Middle or Passive - 2nd Person Plural
bib.V.PIM/P.2S	<null>	Verb - Present Indicative Middle or Passive - 2nd Person Singular
bib.V.PIM/P.3P	<null>	Verb - Present Indicative Middle or Passive - 3rd Person Plural
bib.V.PIM/P.3S	<null>	Verb - Present Indicative Middle or Passive - 3rd Person Singular
bib.V.PIP.1S	<null>	Verb - Present Indicative Passive - 1st Person Singular
bib.V.PIP.3S	<null>	Verb - Present Indicative Passive - 3rd Person Singular
bib.V.PMA.2P	<null>	Verb - Present Imperative Active - 2nd Person Plural
bib.V.PMA.2S	<null>	Verb - Present Imperative Active - 2nd Person Singular
bib.V.PMA.3P	<null>	Verb - Present Imperative Active - 3rd Person Plural
bib.V.PMA.3S	<null>	Verb - Present Imperative Active - 3rd Person Singular
bib.V.PMM.2P	<null>	Verb - Present Imperative Middle - 2nd Person Plural
bib.V.PMM.2S	<null>	Verb - Present Imperative Middle - 2nd Person Singular
bib.V.PMM/P.2P	<null>	Verb - Present Imperative Middle or Passive - 2nd Person Plural
bib.V.PMM/P.2S	<null>	Verb - Present Imperative Middle or Passive - 2nd Person Singular
bib.V.PMM/P.3P	<null>	Verb - Present Imperative Middle or Passive - 3rd Person Plural
bib.V.PMM/P.3S	<null>	Verb - Present Imperative Middle or Passive - 3rd Person Singular
bib.V.PMP.2P	<null>	Verb - Present Imperative Passive - 2nd Person Plural
bib.V.PMP.3S	<null>	Verb - Present Imperative Passive - 3rd Person Singular
bib.V.PNA	<null>	Verb - Present Infinitive Active
bib.V.PNM	<null>	Verb - Present Infinitive Middle
bib.V.PNM/P	<null>	Verb - Present Infinitive Middle or Passive
bib.V.PNP	<null>	Verb - Present Infinitive Passive
bib.V.POA.2P	<null>	Verb - Present Optative Active - 2nd Person Plural
bib.V.POA.3P	<null>	Verb - Present Optative Active - 3rd Person Plural
bib.V.POA.3S	<null>	Verb - Present Optative Active - 3rd Person Singular
bib.V.POM/P.1S	<null>	Verb - Present Optative Middle or Passive - 1st Person Singular
bib.V.POM/P.3P	<null>	Verb - Present Optative Middle or Passive - 3rd Person Plural
bib.V.POM/P.3S	<null>	Verb - Present Optative Middle or Passive - 3rd Person Singular
bib.V.PPA.AFP	<null>	Verb - Present Participle Active - Accusative Feminine Plural
bib.V.PPA.AFS	<null>	Verb - Present Participle Active - Accusative Feminine Singular
bib.V.PPA.AMP	<null>	Verb - Present Participle Active - Accusative Masculine Plural
bib.V.PPA.AMS	<null>	Verb - Present Participle Active - Accusative Masculine Singular
bib.V.PPA.ANP	<null>	Verb - Present Participle Active - Accusative Neuter Plural
bib.V.PPA.ANS	<null>	Verb - Present Participle Active - Accusative Neuter Singular
bib.V.PPA.DFP	<null>	Verb - Present Participle Active - Dative Feminine Plural
bib.V.PPA.DFS	<null>	Verb - Present Participle Active - Dative Feminine Singular
bib.V.PPA.DMP	<null>	Verb - Present Participle Active - Dative Masculine Plural
bib.V.PPA.DMS	<null>	Verb - Present Participle Active - Dative Masculine Singular
bib.V.PPA.DNP	<null>	Verb - Present Participle Active - Dative Neuter Plural
bib.V.PPA.DNS	<null>	Verb - Present Participle Active - Dative Neuter Singular
bib.V.PPA.GFP	<null>	Verb - Present Participle Active - Genitive Feminine Plural
bib.V.PPA.GFS	<null>	Verb - Present Participle Active - Genitive Feminine Singular
bib.V.PPA.GMP	<null>	Verb - Present Participle Active - Genitive Masculine Plural
bib.V.PPA.GMS	<null>	Verb - Present Participle Active - Genitive Masculine Singular
bib.V.PPA.GNP	<null>	Verb - Present Participle Active - Genitive Neuter Plural
bib.V.PPA.GNS	<null>	Verb - Present Participle Active - Genitive Neuter Singular
bib.V.PPA.NFP	<null>	Verb - Present Participle Active - Nominative Feminine Plural
bib.V.PPA.NFS	<null>	Verb - Present Participle Active - Nominative Feminine Singular
bib.V.PPA.NM3S	<null>	Verb - Present Participle Active - Nominative Masculine 3rd Person Singular
bib.V.PPA.NMP	<null>	Verb - Present Participle Active - Nominative Masculine Plural
bib.V.PPA.NMS	<null>	Verb - Present Participle Active - Nominative Masculine Singular
bib.V.PPA.NNP	<null>	Verb - Present Participle Active - Nominative Neuter Plural
bib.V.PPA.NNS	<null>	Verb - Present Participle Active - Nominative Neuter Singular
bib.V.PPA.VFS	<null>	Verb - Present Participle Active - Vocative Feminine Singular
bib.V.PPA.VMP	<null>	Verb - Present Participle Active - Vocative Masculine Plural
bib.V.PPA.VMS	<null>	Verb - Present Participle Active - Vocative Masculine Singular
bib.V.PPM.AFS	<null>	Verb - Present Participle Middle - Accusative Feminine Singular
bib.V.PPM.AMP	<null>	Verb - Present Participle Middle - Accusative Masculine Plural
bib.V.PPM.AMS	<null>	Verb - Present Participle Middle - Accusative Masculine Singular
bib.V.PPM.ANS	<null>	Verb - Present Participle Middle - Accusative Neuter Singular
bib.V.PPM.DMP	<null>	Verb - Present Participle Middle - Dative Masculine Plural
bib.V.PPM.DMS	<null>	Verb - Present Participle Middle - Dative Masculine Singular
bib.V.PPM.GFP	<null>	Verb - Present Participle Middle - Genitive Feminine Plural
bib.V.PPM.GFS	<null>	Verb - Present Participle Middle - Genitive Feminine Singular
bib.V.PPM.GMP	<null>	Verb - Present Participle Middle - Genitive Masculine Plural
bib.V.PPM.GMS	<null>	Verb - Present Participle Middle - Genitive Masculine Singular
bib.V.PPM.GNP	<null>	Verb - Present Participle Middle - Genitive Neuter Plural
bib.V.PPM.GNS	<null>	Verb - Present Participle Middle - Genitive Neuter Singular
bib.V.PPM.NFP	<null>	Verb - Present Participle Middle - Nominative Feminine Plural
bib.V.PPM.NFS	<null>	Verb - Present Participle Middle - Nominative Feminine Singular
bib.V.PPM.NMP	<null>	Verb - Present Participle Middle - Nominative Masculine Plural
bib.V.PPM.NMS	<null>	Verb - Present Participle Middle - Nominative Masculine Singular
bib.V.PPM.NNS	<null>	Verb - Present Participle Middle - Nominative Neuter Singular
bib.V.PPM/P.AFP	<null>	Verb - Present Participle Middle or Passive - Accusative Feminine Plural
bib.V.PPM/P.AFS	<null>	Verb - Present Participle Middle or Passive - Accusative Feminine Singular
bib.V.PPM/P.AMP	<null>	Verb - Present Participle Middle or Passive - Accusative Masculine Plural
bib.V.PPM/P.AMS	<null>	Verb - Present Participle Middle or Passive - Accusative Masculine Singular
bib.V.PPM/P.ANP	<null>	Verb - Present Participle Middle or Passive - Accusative Neuter Plural
bib.V.PPM/P.ANS	<null>	Verb - Present Participle Middle or Passive - Accusative Neuter Singular
bib.V.PPM/P.DFP	<null>	Verb - Present Participle Middle or Passive - Dative Feminine Plural
bib.V.PPM/P.DFS	<null>	Verb - Present Participle Middle or Passive - Dative Feminine Singular
bib.V.PPM/P.DMP	<null>	Verb - Present Participle Middle or Passive - Dative Masculine Plural
bib.V.PPM/P.DMS	<null>	Verb - Present Participle Middle or Passive - Dative Masculine Singular
bib.V.PPM/P.DNP	<null>	Verb - Present Participle Middle or Passive - Dative Neuter Plural
bib.V.PPM/P.DNS	<null>	Verb - Present Participle Middle or Passive - Dative Neuter Singular
bib.V.PPM/P.GFP	<null>	Verb - Present Participle Middle or Passive - Genitive Feminine Plural
bib.V.PPM/P.GFS	<null>	Verb - Present Participle Middle or Passive - Genitive Feminine Singular
bib.V.PPM/P.GMP	<null>	Verb - Present Participle Middle or Passive - Genitive Masculine Plural
bib.V.PPM/P.GMS	<null>	Verb - Present Participle Middle or Passive - Genitive Masculine Singular
bib.V.PPM/P.GNP	<null>	Verb - Present Participle Middle or Passive - Genitive Neuter Plural
bib.V.PPM/P.GNS	<null>	Verb - Present Participle Middle or Passive - Genitive Neuter Singular
bib.V.PPM/P.NFP	<null>	Verb - Present Participle Middle or Passive - Nominative Feminine Plural
bib.V.PPM/P.NFS	<null>	Verb - Present Participle Middle or Passive - Nominative Feminine Singular
bib.V.PPM/P.NMP	<null>	Verb - Present Participle Middle or Passive - Nominative Masculine Plural
bib.V.PPM/P.NMS	<null>	Verb - Present Participle Middle or Passive - Nominative Masculine Singular
bib.V.PPM/P.NNP	<null>	Verb - Present Participle Middle or Passive - Nominative Neuter Plural
bib.V.PPM/P.NNS	<null>	Verb - Present Participle Middle or Passive - Nominative Neuter Singular
bib.V.PPM/P.VMP	<null>	Verb - Present Participle Middle or Passive - Vocative Masculine Plural
bib.V.PPM/P.VMS	<null>	Verb - Present Participle Middle or Passive - Vocative Masculine Singular
bib.V.PPP.DMP	<null>	Verb - Present Participle Passive - Dative Masculine Plural
bib.V.PPP.GMP	<null>	Verb - Present Participle Passive - Genitive Masculine Plural
bib.V.PPP.GMS	<null>	Verb - Present Participle Passive - Genitive Masculine Singular
bib.V.PPP.NMP	<null>	Verb - Present Participle Passive - Nominative Masculine Plural
bib.V.PSA.1P	<null>	Verb - Present Subjunctive Active - 1st Person Plural
bib.V.PSA.1S	<null>	Verb - Present Subjunctive Active - 1st Person Singular
bib.V.PSA.2P	<null>	Verb - Present Subjunctive Active - 2nd Person Plural
bib.V.PSA.2S	<null>	Verb - Present Subjunctive Active - 2nd Person Singular
bib.V.PSA.3P	<null>	Verb - Present Subjunctive Active - 3rd Person Plural
bib.V.PSA.3S	<null>	Verb - Present Subjunctive Active - 3rd Person Singular
bib.V.PSM.1P	<null>	Verb - Present Subjunctive Middle - 1st Person Plural
bib.V.PSM.1S	<null>	Verb - Present Subjunctive Middle - 1st Person Singular
bib.V.PSM.2S	<null>	Verb - Present Subjunctive Middle - 2nd Person Singular
bib.V.PSM.3S	<null>	Verb - Present Subjunctive Middle - 3rd Person Singular
bib.V.PSM/P.1P	<null>	Verb - Present Subjunctive Middle or Passive - 1st Person Plural
bib.V.PSM/P.1S	<null>	Verb - Present Subjunctive Middle or Passive - 1st Person Singular
bib.V.PSM/P.2P	<null>	Verb - Present Subjunctive Middle or Passive - 2nd Person Plural
bib.V.PSM/P.2S	<null>	Verb - Present Subjunctive Middle or Passive - 2nd Person Singular
bib.V.PSM/P.3P	<null>	Verb - Present Subjunctive Middle or Passive - 3rd Person Plural
bib.V.PSM/P.3S	<null>	Verb - Present Subjunctive Middle or Passive - 3rd Person Singular
bib.V.RIA.1P	<null>	Verb - Perfect Indicative Active - 1st Person Plural
bib.V.RIA.1S	<null>	Verb - Perfect Indicative Active - 1st Person Singular
bib.V.RIA.2P	<null>	Verb - Perfect Indicative Active - 2nd Person Plural
bib.V.RIA.2S	<null>	Verb - Perfect Indicative Active - 2nd Person Singular
bib.V.RIA.3P	<null>	Verb - Perfect Indicative Active - 3rd Person Plural
bib.V.RIA.3S	<null>	Verb - Perfect Indicative Active - 3rd Person Singular
bib.V.RIM.2S	<null>	Verb - Perfect Indicative Middle - 2nd Person Singular
bib.V.RIM.3S	<null>	Verb - Perfect Indicative Middle - 3rd Person Singular
bib.V.RIM/P.1P	<null>	Verb - Perfect Indicative Middle or Passive - 1st Person Plural
bib.V.RIM/P.1S	<null>	Verb - Perfect Indicative Middle or Passive - 1st Person Singular
bib.V.RIM/P.2P	<null>	Verb - Perfect Indicative Middle or Passive - 2nd Person Plural
bib.V.RIM/P.2S	<null>	Verb - Perfect Indicative Middle or Passive - 2nd Person Singular
bib.V.RIM/P.3P	<null>	Verb - Perfect Indicative Middle or Passive - 3rd Person Plural
bib.V.RIM/P.3S	<null>	Verb - Perfect Indicative Middle or Passive - 3rd Person Singular
bib.V.RIP.1P	<null>	Verb - Perfect Indicative Passive - 1st Person Plural
bib.V.RMA.2P	<null>	Verb - Perfect Imperative Active - 2nd Person Plural
bib.V.RMM/P.2P	<null>	Verb - Perfect Imperative Middle or Passive - 2nd Person Plural
bib.V.RMM/P.2S	<null>	Verb - Perfect Imperative Middle or Passive - 2nd Person Singular
bib.V.RNA	<null>	Verb - Perfect Infinitive Active
bib.V.RNM/P	<null>	Verb - Perfect Infinitive Middle or Passive
bib.V.RPA.AFS	<null>	Verb - Perfect Participle Active - Accusative Feminine Singular
bib.V.RPA.AMP	<null>	Verb - Perfect Participle Active - Accusative Masculine Plural
bib.V.RPA.AMS	<null>	Verb - Perfect Participle Active - Accusative Masculine Singular
bib.V.RPA.ANP	<null>	Verb - Perfect Participle Active - Accusative Neuter Plural
bib.V.RPA.ANS	<null>	Verb - Perfect Participle Active - Accusative Neuter Singular
bib.V.RPA.DMP	<null>	Verb - Perfect Participle Active - Dative Masculine Plural
bib.V.RPA.DMS	<null>	Verb - Perfect Participle Active - Dative Masculine Singular
bib.V.RPA.DNS	<null>	Verb - Perfect Participle Active - Dative Neuter Singular
bib.V.RPA.GFS	<null>	Verb - Perfect Participle Active - Genitive Feminine Singular
bib.V.RPA.GMP	<null>	Verb - Perfect Participle Active - Genitive Masculine Plural
bib.V.RPA.GMS	<null>	Verb - Perfect Participle Active - Genitive Masculine Singular
bib.V.RPA.GNP	<null>	Verb - Perfect Participle Active - Genitive Neuter Plural
bib.V.RPA.NFP	<null>	Verb - Perfect Participle Active - Nominative Feminine Plural
bib.V.RPA.NFS	<null>	Verb - Perfect Participle Active - Nominative Feminine Singular
bib.V.RPA.NMP	<null>	Verb - Perfect Participle Active - Nominative Masculine Plural
bib.V.RPA.NMS	<null>	Verb - Perfect Participle Active - Nominative Masculine Singular
bib.V.RPA.NNP	<null>	Verb - Perfect Participle Active - Nominative Neuter Plural
bib.V.RPA.NNS	<null>	Verb - Perfect Participle Active - Nominative Neuter Singular
bib.V.RPM.AMS	<null>	Verb - Perfect Participle Middle - Accusative Masculine Singular
bib.V.RPM.NMP	<null>	Verb - Perfect Participle Middle - Nominative Masculine Plural
bib.V.RPM.NMS	<null>	Verb - Perfect Participle Middle - Nominative Masculine Singular
bib.V.RPM/P.AFP	<null>	Verb - Perfect Participle Middle or Passive - Accusative Feminine Plural
bib.V.RPM/P.AFS	<null>	Verb - Perfect Participle Middle or Passive - Accusative Feminine Singular
bib.V.RPM/P.AMP	<null>	Verb - Perfect Participle Middle or Passive - Accusative Masculine Plural
bib.V.RPM/P.AMS	<null>	Verb - Perfect Participle Middle or Passive - Accusative Masculine Singular
bib.V.RPM/P.ANP	<null>	Verb - Perfect Participle Middle or Passive - Accusative Neuter Plural
bib.V.RPM/P.ANS	<null>	Verb - Perfect Participle Middle or Passive - Accusative Neuter Singular
bib.V.RPM/P.DFP	<null>	Verb - Perfect Participle Middle or Passive - Dative Feminine Plural
bib.V.RPM/P.DFS	<null>	Verb - Perfect Participle Middle or Passive - Dative Feminine Singular
bib.V.RPM/P.DMP	<null>	Verb - Perfect Participle Middle or Passive - Dative Masculine Plural
bib.V.RPM/P.DMS	<null>	Verb - Perfect Participle Middle or Passive - Dative Masculine Singular
bib.V.RPM/P.DNP	<null>	Verb - Perfect Participle Middle or Passive - Dative Neuter Plural
bib.V.RPM/P.DNS	<null>	Verb - Perfect Participle Middle or Passive - Dative Neuter Singular
bib.V.RPM/P.GFP	<null>	Verb - Perfect Participle Middle or Passive - Genitive Feminine Plural
bib.V.RPM/P.GFS	<null>	Verb - Perfect Participle Middle or Passive - Genitive Feminine Singular
bib.V.RPM/P.GMP	<null>	Verb - Perfect Participle Middle or Passive - Genitive Masculine Plural
bib.V.RPM/P.GMS	<null>	Verb - Perfect Participle Middle or Passive - Genitive Masculine Singular
bib.V.RPM/P.GNP	<null>	Verb - Perfect Participle Middle or Passive - Genitive Neuter Plural
bib.V.RPM/P.GNS	<null>	Verb - Perfect Participle Middle or Passive - Genitive Neuter Singular
bib.V.RPM/P.NFP	<null>	Verb - Perfect Participle Middle or Passive - Nominative Feminine Plural
bib.V.RPM/P.NFS	<null>	Verb - Perfect Participle Middle or Passive - Nominative Feminine Singular
bib.V.RPM/P.NMP	<null>	Verb - Perfect Participle Middle or Passive - Nominative Masculine Plural
bib.V.RPM/P.NMS	<null>	Verb - Perfect Participle Middle or Passive - Nominative Masculine Singular
bib.V.RPM/P.NNP	<null>	Verb - Perfect Participle Middle or Passive - Nominative Neuter Plural
bib.V.RPM/P.NNS	<null>	Verb - Perfect Participle Middle or Passive - Nominative Neuter Singular
bib.V.RPM/P.VFS	<null>	Verb - Perfect Participle Middle or Passive - Vocative Feminine Singular
bib.V.RPM/P.VMP	<null>	Verb - Perfect Participle Middle or Passive - Vocative Masculine Plural
bib.V.RPM/P.VMS	<null>	Verb - Perfect Participle Middle or Passive - Vocative Masculine Singular
bib.V.RPP.AFS	<null>	Verb - Perfect Participle Passive - Accusative Feminine Singular
bib.V.RPP.AMP	<null>	Verb - Perfect Participle Passive - Accusative Masculine Plural
bib.V.RPP.NFS	<null>	Verb - Perfect Participle Passive - Nominative Feminine Singular
bib.V.RSA.1P	<null>	Verb - Perfect Subjunctive Active - 1st Person Plural
bib.V.RSA.1S	<null>	Verb - Perfect Subjunctive Active - 1st Person Singular
bib.V.RSA.2P	<null>	Verb - Perfect Subjunctive Active - 2nd Person Plural
bib.V.RSA.2S	<null>	Verb - Perfect Subjunctive Active - 2nd Person Singular
