Adj	Adjective
Adj-AFP	Adjective - Accusative Feminine Plural
Adj-AFP-C	Adjective - Accusative Feminine Plural - Comparative
Adj-AFS	Adjective - Accusative Feminine Singular
Adj-AFS-C	Adjective - Accusative Feminine Singular - Comparative
Adj-AFS-S	Adjective - Accusative Feminine Singular - Superlative
Adj-AMP	Adjective - Accusative Masculine Plural
Adj-AMP-C	Adjective - Accusative Masculine Plural - Comparative
Adj-AMS	Adjective - Accusative Masculine Singular
Adj-AMS-C	Adjective - Accusative Masculine Singular - Comparative
Adj-ANP	Adjective - Accusative Neuter Plural
Adj-ANP-C	Adjective - Accusative Neuter Plural - Comparative
Adj-ANP-S	Adjective - Accusative Neuter Plural - Superlative
Adj-ANS	Adjective - Accusative Neuter Singular
Adj-ANS-C	Adjective - Accusative Neuter Singular - Comparative
Adj-ANS-S	Adjective - Accusative Neuter Singular - Superlative
Adj-DFP	Adjective - Dative Feminine Plural
Adj-DFP-C	Adjective - Dative Feminine Plural - Comparative
Adj-DFS	Adjective - Dative Feminine Singular
Adj-DFS-C	Adjective - Dative Feminine Singular - Comparative
Adj-DFS-S	Adjective - Dative Feminine Singular - Superlative
Adj-DMP	Adjective - Dative Masculine Plural
Adj-DMP-C	Adjective - Dative Masculine Plural - Comparative
Adj-DMS	Adjective - Dative Masculine Singular
Adj-DMS-C	Adjective - Dative Masculine Singular - Comparative
Adj-DMS-S	Adjective - Dative Masculine Singular - Superlative
Adj-DNP	Adjective - Dative Neuter Plural
Adj-DNP-S	Adjective - Dative Neuter Plural - Superlative
Adj-DNS	Adjective - Dative Neuter Singular
Adj-DNS-C	Adjective - Dative Neuter Singular - Comparative
Adj-DNS-S	Adjective - Dative Neuter Singular - Superlative
Adj-GFP	Adjective - Genitive Feminine Plural
Adj-GFP-S	Adjective - Genitive Feminine Plural - Superlative
Adj-GFS	Adjective - Genitive Feminine Singular
Adj-GFS-C	Adjective - Genitive Feminine Singular - Comparative
Adj-GMP	Adjective - Genitive Masculine Plural
Adj-GMP-C	Adjective - Genitive Masculine Plural - Comparative
Adj-GMP-S	Adjective - Genitive Masculine Plural - Superlative
Adj-GMS	Adjective - Genitive Masculine Singular
Adj-GMS-C	Adjective - Genitive Masculine Singular - Comparative
Adj-GMS-S	Adjective - Genitive Masculine Singular - Superlative
Adj-GNP	Adjective - Genitive Neuter Plural
Adj-GNP-C	Adjective - Genitive Neuter Plural - Comparative
Adj-GNP-S	Adjective - Genitive Neuter Plural - Superlative
Adj-GNS	Adjective - Genitive Neuter Singular
Adj-GNS-S	Adjective - Genitive Neuter Singular - Superlative
Adj-NFP	Adjective - Nominative Feminine Plural
Adj-NFP-C	Adjective - Nominative Feminine Plural - Comparative
Adj-NFP-S	Adjective - Nominative Feminine Plural - Superlative
Adj-NFS	Adjective - Nominative Feminine Singular
Adj-NFS-C	Adjective - Nominative Feminine Singular - Comparative
Adj-NFS-S	Adjective - Nominative Feminine Singular - Superlative
Adj-NMP	Adjective - Nominative Masculine Plural
Adj-NMP-C	Adjective - Nominative Masculine Plural - Comparative
Adj-NMS	Adjective - Nominative Masculine Singular
Adj-NMS-C	Adjective - Nominative Masculine Singular - Comparative
Adj-NMS-S	Adjective - Nominative Masculine Singular - Superlative
Adj-NNP	Adjective - Nominative Neuter Plural
Adj-NNP-C	Adjective - Nominative Neuter Plural - Comparative
Adj-NNS	Adjective - Nominative Neuter Singular
Adj-NNS-C	Adjective - Nominative Neuter Singular - Comparative
Adj-VFS	Adjective - Vocative Feminine Singular
Adj-VMP	Adjective - Vocative Masculine Plural
Adj-VMP-C	Adjective - Vocative Masculine Plural - Comparative
Adj-VMS	Adjective - Vocative Masculine Singular
Adj-VMS-S	Adjective - Vocative Masculine Singular - Superlative
Adj-VNP	Adjective - Vocative Neuter Plural
Adj-VNS	Adjective - Vocative Neuter Singular
Adv	Adverb
Adv	Adverb - Superlative
Adv-C	Adverb - Comparative
Adv-S	Adverb - Superlative
Art-AFP	Article - Accusative Feminine Plural
Art-AFS	Article - Accusative Feminine Singular
Art-AMP	Article - Accusative Masculine Plural
Art-AMS	Article - Accusative Masculine Singular
Art-ANP	Article - Accusative Neuter Plural
Art-ANS	Article - Accusative Neuter Singular
Art-DFP	Article - Dative Feminine Plural
Art-DFS	Article - Dative Feminine Singular
Art-DMP	Article - Dative Masculine Plural
Art-DMS	Article - Dative Masculine Singular
Art-DNP	Article - Dative Neuter Plural
Art-DNS	Article - Dative Neuter Singular
Art-GFP	Article - Genitive Feminine Plural
Art-GFS	Article - Genitive Feminine Singular
Art-GMP	Article - Genitive Masculine Plural
Art-GMS	Article - Genitive Masculine Singular
Art-GNP	Article - Genitive Neuter Plural
Art-GNS	Article - Genitive Neuter Singular
Art-NFP	Article - Nominative Feminine Plural
Art-NFS	Article - Nominative Feminine Singular
Art-NMP	Article - Nominative Masculine Plural
Art-NMS	Article - Nominative Masculine Singular
Art-NNP	Article - Nominative Neuter Plural
Art-NNS	Article - Nominative Neuter Singular
Art-VFP	Article - Vocative Feminine Plural
Art-VFS	Article - Vocative Feminine Singular
Art-VMP	Article - Vocative Masculine Plural
Art-VMS	Article - Vocative Masculine Singular
Art-VNP	Article - Vocative Neuter Plural
Art-VNS	Article - Vocative Neuter Singular
Conj	
Conj	Conjunction
DPro-AFP	Demonstrative Pronoun - Accusative Feminine Plural
DPro-AFS	Demonstrative Pronoun - Accusative Feminine Singular
DPro-AMP	Demonstrative Pronoun - Accusative Masculine Plural
DPro-AMS	Demonstrative Pronoun - Accusative Masculine Singular
DPro-ANP	Demonstrative Pronoun - Accusative Neuter Plural
DPro-ANS	Demonstrative Pronoun - Accusative Neuter Singular
DPro-DFP	Demonstrative Pronoun - Dative Feminine Plural
DPro-DFS	Demonstrative Pronoun - Dative Feminine Singular
DPro-DMP	Demonstrative Pronoun - Dative Masculine Plural
DPro-DMS	Demonstrative Pronoun - Dative Masculine Singular
DPro-DNP	Demonstrative Pronoun - Dative Neuter Plural
DPro-DNS	Demonstrative Pronoun - Dative Neuter Singular
DPro-GFP	Demonstrative Pronoun - Genitive Feminine Plural
DPro-GFS	Demonstrative Pronoun - Genitive Feminine Singular
DPro-GMP	Demonstrative Pronoun - Genitive Masculine Plural
DPro-GMS	Demonstrative Pronoun - Genitive Masculine Singular
DPro-GNP	Demonstrative Pronoun - Genitive Neuter Plural
DPro-GNS	Demonstrative Pronoun - Genitive Neuter Singular
DPro-NFP	Demonstrative Pronoun - Nominative Feminine Plural
DPro-NFS	Demonstrative Pronoun - Nominative Feminine Singular
DPro-NMP	Demonstrative Pronoun - Nominative Masculine Plural
DPro-NMS	Demonstrative Pronoun - Nominative Masculine Singular
DPro-NNP	Demonstrative Pronoun - Nominative Neuter Plural
DPro-NNS	Demonstrative Pronoun - Nominative Neuter Singular
Heb	Hebrew Word
Heb	Hebrew Word 
I	Interjection
Indec	Indec
IntPrtcl	IntPrtcl
IPro-AFP	Interrogative / Indefinite Pronoun - Accusative Feminine Plural
IPro-AFS	Interrogative / Indefinite Pronoun - Accusative Feminine Singular
IPro-AMP	Interrogative / Indefinite Pronoun - Accusative Masculine Plural
IPro-AMS	Interrogative / Indefinite Pronoun - Accusative Masculine Singular
IPro-ANP	Interrogative / Indefinite Pronoun - Accusative Neuter Plural
IPro-ANS	Interrogative / Indefinite Pronoun - Accusative Neuter Singular
IPro-DFS	Interrogative / Indefinite Pronoun - Dative Feminine Singular
IPro-DMP	Interrogative / Indefinite Pronoun - Dative Masculine Plural
IPro-DMS	Interrogative / Indefinite Pronoun - Dative Masculine Singular
IPro-DNS	Interrogative / Indefinite Pronoun - Dative Neuter Singular
IPro-GFP	Interrogative / Indefinite Pronoun - Genitive Feminine Plural
IPro-GFS	Interrogative / Indefinite Pronoun - Genitive Feminine Singular
IPro-GMP	Interrogative / Indefinite Pronoun - Genitive Masculine Plural
IPro-GMS	Interrogative / Indefinite Pronoun - Genitive Masculine Singular
IPro-GNP	Interrogative / Indefinite Pronoun - Genitive Neuter Plural
IPro-GNS	Interrogative / Indefinite Pronoun - Genitive Neuter Singular
IPro-NFP	Interrogative / Indefinite Pronoun - Nominative Feminine Plural
IPro-NFS	Interrogative / Indefinite Pronoun - Nominative Feminine Singular
IPro-NMP	Interrogative / Indefinite Pronoun - Nominative Masculine Plural
IPro-NMS	Interrogative / Indefinite Pronoun - Nominative Masculine Singular
IPro-NNP	Interrogative / Indefinite Pronoun - Nominative Neuter Plural
IPro-NNS	Interrogative / Indefinite Pronoun - Nominative Neuter Singular
N	Noun
N-AFP	Noun - Accusative Feminine Plural
N-AFS	Noun - Accusative Feminine Singular
N-AMP	Noun - Accusative Masculine Plural
N-AMS	Noun - Accusative Masculine Singular
N-ANP	Noun - Accusative Neuter Plural
N-ANS	Noun - Accusative Neuter Singular
N-DFP	Noun - Dative Feminine Plural
N-DFS	Noun - Dative Feminine Singular
N-DMP	Noun - Dative Masculine Plural
N-DMS	Noun - Dative Masculine Singular
N-DNP	Noun - Dative Neuter Plural
N-DNS	Noun - Dative Neuter Singular
N-GFP	Noun - Genitive Feminine Plural
N-GFS	Noun - Genitive Feminine Singular
N-GMP	Noun - Genitive Masculine Plural
N-GMS	Noun - Genitive Masculine Singular
N-GNP	Noun - Genitive Neuter Plural
N-GNS	Noun - Genitive Neuter Singular
N-NFP	Noun - Nominative Feminine Plural
N-NFS	Noun - Nominative Feminine Singular
N-NMP	Noun - Nominative Masculine Plural
N-NMS	Noun - Nominative Masculine Singular
N-NNP	Noun - Nominative Neuter Plural
N-NNS	Noun - Nominative Neuter Singular
N-VFP	Noun - Vocative Feminine Plural
N-VFS	Noun - Vocative Feminine Singular
N-VMP	Noun - Vocative Masculine Plural
N-VMS	Noun - Vocative Masculine Singular
N-VNP	Noun - Vocative Neuter Plural
N-VNS	Noun - Vocative Neuter Singular
PPro-A1P	Personal / Possessive Pronoun - Accusative 1st Person Plural
PPro-A1S	Personal / Possessive Pronoun - Accusative 1st Person Singular
PPro-A2P	
PPro-A2P	Personal / Possessive Pronoun - Accusative 2nd Person Plural
PPro-A2S	Personal / Possessive Pronoun - Accusative 2nd Person Singular
PPro-AF1P	Personal / Possessive Pronoun - Accusative Feminine 1st Person Plural
PPro-AF1S	Personal / Possessive Pronoun - Accusative Feminine 1st Person Singular
PPro-AF2P	Personal / Possessive Pronoun - Accusative Feminine 2nd Person Plural
PPro-AF2S	Personal / Possessive Pronoun - Accusative Feminine 2nd Person Singular
PPro-AF3P	Personal / Possessive Pronoun - Accusative Feminine 3rd Person Plural
PPro-AF3S	Personal / Possessive Pronoun - Accusative Feminine 3rd Person Singular
PPro-AM1P	Personal / Possessive Pronoun - Accusative Masculine 1st Person Plural
PPro-AM1S	Personal / Possessive Pronoun - Accusative Masculine 1st Person Singular
PPro-AM2P	Personal / Possessive Pronoun - Accusative Masculine 2nd Person Plural
PPro-AM2S	Personal / Possessive Pronoun - Accusative Masculine 2nd Person Singular
PPro-AM3P	Personal / Possessive Pronoun - Accusative Masculine 3rd Person Plural
PPro-AM3S	Personal / Possessive Pronoun - Accusative Masculine 3rd Person Singular
PPro-AN1P	Personal / Possessive Pronoun - Accusative Neuter 1st Person Plural
PPro-AN1S	Personal / Possessive Pronoun - Accusative Neuter 1st Person Singular
PPro-AN2P	Personal / Possessive Pronoun - Accusative Neuter 2nd Person Plural
PPro-AN2S	Personal / Possessive Pronoun - Accusative Neuter 2nd Person Singular
PPro-AN3P	Personal / Possessive Pronoun - Accusative Neuter 3rd Person Plural
PPro-AN3S	Personal / Possessive Pronoun - Accusative Neuter 3rd Person Singular
PPro-D1P	Personal / Possessive Pronoun - Dative 1st Person Plural
PPro-D1S	Personal / Possessive Pronoun - Dative 1st Person Singular
PPro-D2P	Personal / Possessive Pronoun - Dative 2nd Person Plural
PPro-D2S	Personal / Possessive Pronoun - Dative 2nd Person Singular
PPro-DF1P	Personal / Possessive Pronoun - Dative Feminine 1st Person Plural
PPro-DF1S	Personal / Possessive Pronoun - Dative Feminine 1st Person Singular
PPro-DF2P	Personal / Possessive Pronoun - Dative Feminine 2nd Person Plural
PPro-DF2S	Personal / Possessive Pronoun - Dative Feminine 2nd Person Singular
PPro-DF3P	Personal / Possessive Pronoun - Dative Feminine 3rd Person Plural
PPro-DF3S	Personal / Possessive Pronoun - Dative Feminine 3rd Person Singular
PPro-DM1P	Personal / Possessive Pronoun - Dative Masculine 1st Person Plural
PPro-DM1S	Personal / Possessive Pronoun - Dative Masculine 1st Person Singular
PPro-DM2P	Personal / Possessive Pronoun - Dative Masculine 2nd Person Plural
PPro-DM2S	Personal / Possessive Pronoun - Dative Masculine 2nd Person Singular
PPro-DM3P	Personal / Possessive Pronoun - Dative Masculine 3rd Person Plural
PPro-DM3S	Personal / Possessive Pronoun - Dative Masculine 3rd Person Singular
PPro-DN1P	Personal / Possessive Pronoun - Dative Neuter 1st Person Plural
PPro-DN1S	Personal / Possessive Pronoun - Dative Neuter 1st Person Singular
PPro-DN3P	Personal / Possessive Pronoun - Dative Neuter 3rd Person Plural
PPro-DN3S	Personal / Possessive Pronoun - Dative Neuter 3rd Person Singular
PPro-G1P	Personal / Possessive Pronoun - Genitive 1st Person Plural
PPro-G1S	Personal / Possessive Pronoun - Genitive 1st Person Singular
PPro-G2P	Personal / Possessive Pronoun - Genitive 2nd Person Plural
PPro-G2S	Personal / Possessive Pronoun - Genitive 2nd Person Singular
PPro-GF1P	Personal / Possessive Pronoun - Genitive Feminine 1st Person Plural
PPro-GF1S	Personal / Possessive Pronoun - Genitive Feminine 1st Person Singular
PPro-GF2P	Personal / Possessive Pronoun - Genitive Feminine 2nd Person Plural
PPro-GF2S	Personal / Possessive Pronoun - Genitive Feminine 2nd Person Singular
PPro-GF3P	Personal / Possessive Pronoun - Genitive Feminine 3rd Person Plural
PPro-GF3S	Personal / Possessive Pronoun - Genitive Feminine 3rd Person Singular
PPro-GM1S	Personal / Possessive Pronoun - Genitive Masculine 1st Person Singular
PPro-GM2S	Personal / Possessive Pronoun - Genitive Masculine 2nd Person Singular
PPro-GM3P	Personal / Possessive Pronoun - Genitive Masculine 3rd Person Plural
PPro-GM3S	Personal / Possessive Pronoun - Genitive Masculine 3rd Person Singular
PPro-GN1P	Personal / Possessive Pronoun - Genitive Neuter 1st Person Plural
PPro-GN3P	Personal / Possessive Pronoun - Genitive Neuter 3rd Person Plural
PPro-GN3S	Personal / Possessive Pronoun - Genitive Neuter 3rd Person Singular
PPro-N1P	Personal / Possessive Pronoun - Nominative 1st Person Plural
PPro-N1S	Personal / Possessive Pronoun - Nominative 1st Person Singular
PPro-N2P	Personal / Possessive Pronoun - Nominative 2nd Person Plural
PPro-N2S	Personal / Possessive Pronoun - Nominative 2nd Person Singular
PPro-NF1P	Personal / Possessive Pronoun - Nominative Feminine 1st Person Plural
PPro-NF1S	Personal / Possessive Pronoun - Nominative Feminine 1st Person Singular
PPro-NF2P	Personal / Possessive Pronoun - Nominative Feminine 2nd Person Plural
PPro-NF3S	Personal / Possessive Pronoun - Nominative Feminine 3rd Person Singular
PPro-NFS	Personal / Possessive Pronoun - Nominative Feminine Singular
PPro-NM1P	Personal / Possessive Pronoun - Nominative Masculine 1st Person Plural
PPro-NM1S	Personal / Possessive Pronoun - Nominative Masculine 1st Person Singular
PPro-NM2P	Personal / Possessive Pronoun - Nominative Masculine 2nd Person Plural
PPro-NM2S	Personal / Possessive Pronoun - Nominative Masculine 2nd Person Singular
PPro-NM3P	Personal / Possessive Pronoun - Nominative Masculine 3rd Person Plural
PPro-NM3S	Personal / Possessive Pronoun - Nominative Masculine 3rd Person Singular
PPro-NN1P	Personal / Possessive Pronoun - Nominative Neuter 1st Person Plural
PPro-NN1S	Personal / Possessive Pronoun - Nominative Neuter 1st Person Singular
PPro-NN2P	Personal / Possessive Pronoun - Nominative Neuter 2nd Person Plural
PPro-NN2S	Personal / Possessive Pronoun - Nominative Neuter 2nd Person Singular
PPro-NN3P	Personal / Possessive Pronoun - Nominative Neuter 3rd Person Plural
PPro-NN3S	Personal / Possessive Pronoun - Nominative Neuter 3rd Person Singular
Prep	Preposition
Prtcl	Particle
RecPro-AMP	Personal / Reciprocal Pronoun - Accusative Masculine Plural
RecPro-DMP	Personal / Reciprocal Pronoun - Dative Masculine Plural
RecPro-DNP	Personal / Reciprocal Pronoun - Dative Neuter Plural
RecPro-GMP	Personal / Reciprocal Pronoun - Genitive Masculine Plural
RefPro-AF3P	Reflexive Pronoun - Accusative Feminine 3rd Person Plural
RefPro-AF3S	Reflexive Pronoun - Accusative Feminine 3rd Person Singular
RefPro-AM3P	Reflexive Pronoun - Accusative Masculine 3rd Person Plural
RefPro-AM3S	Reflexive Pronoun - Accusative Masculine 3rd Person Singular
RefPro-AN3P	Reflexive Pronoun - Accusative Neuter 3rd Person Plural
RefPro-DF3P	Reflexive Pronoun - Dative Feminine 3rd Person Plural
RefPro-DF3S	Reflexive Pronoun - Dative Feminine 3rd Person Singular
RefPro-DM3P	Reflexive Pronoun - Dative Masculine 3rd Person Plural
RefPro-DM3S	Reflexive Pronoun - Dative Masculine 3rd Person Singular
RefPro-GF3P	Reflexive Pronoun - Genitive Feminine 3rd Person Plural
RefPro-GF3S	Reflexive Pronoun - Genitive Feminine 3rd Person Singular
RefPro-GM3P	Reflexive Pronoun - Genitive Masculine 3rd Person Plural
RefPro-GM3S	Reflexive Pronoun - Genitive Masculine 3rd Person Singular
RefPro-GN3P	Reflexive Pronoun - Genitive Neuter 3rd Person Plural
RefPro-GN3S	Reflexive Pronoun - Genitive Neuter 3rd Person Singular
RelPro-AFP	Personal / Relative Pronoun - Accusative Feminine Plural
RelPro-AFS	Personal / Relative Pronoun - Accusative Feminine Singular
RelPro-AMP	Personal / Relative Pronoun - Accusative Masculine Plural
RelPro-AMS	Personal / Relative Pronoun - Accusative Masculine Singular
RelPro-ANP	Personal / Relative Pronoun - Accusative Neuter Plural
RelPro-ANS	Personal / Relative Pronoun - Accusative Neuter Singular
RelPro-DFP	Personal / Relative Pronoun - Dative Feminine Plural
RelPro-DFS	Personal / Relative Pronoun - Dative Feminine Singular
RelPro-DMP	Personal / Relative Pronoun - Dative Masculine Plural
RelPro-DMS	Personal / Relative Pronoun - Dative Masculine Singular
RelPro-DNP	Personal / Relative Pronoun - Dative Neuter Plural
RelPro-DNS	Personal / Relative Pronoun - Dative Neuter Singular
RelPro-GFP	Personal / Relative Pronoun - Genitive Feminine Plural
RelPro-GFS	Personal / Relative Pronoun - Genitive Feminine Singular
RelPro-GMP	Personal / Relative Pronoun - Genitive Masculine Plural
RelPro-GMS	Personal / Relative Pronoun - Genitive Masculine Singular
RelPro-GNP	Personal / Relative Pronoun - Genitive Neuter Plural
RelPro-GNS	Personal / Relative Pronoun - Genitive Neuter Singular
RelPro-NFP	Personal / Relative Pronoun - Nominative Feminine Plural
RelPro-NFS	Personal / Relative Pronoun - Nominative Feminine Singular
RelPro-NMP	Personal / Relative Pronoun - Nominative Masculine Plural
RelPro-NMS	Personal / Relative Pronoun - Nominative Masculine Singular
RelPro-NNP	Personal / Relative Pronoun - Nominative Neuter Plural
RelPro-NNS	Personal / Relative Pronoun - Nominative Neuter Singular
V-AIA-1P	Verb - Aorist Indicative Active - 1st Person Plural
V-AIA-1S	Verb - Aorist Indicative Active - 1st Person Singular
V-AIA-2P	Verb - Aorist Indicative Active - 2nd Person Plural
V-AIA-2S	Verb - Aorist Indicative Active - 2nd Person Singular
V-AIA-3P	Verb - Aorist Indicative Active - 3rd Person Plural
V-AIA-3S	Verb - Aorist Indicative Active - 3rd Person Singular
V-AIM-1P	Verb - Aorist Indicative Middle - 1st Person Plural
V-AIM-1S	Verb - Aorist Indicative Middle - 1st Person Singular
V-AIM-2P	Verb - Aorist Indicative Middle - 2nd Person Plural
V-AIM-2S	Verb - Aorist Indicative Middle - 2nd Person Singular
V-AIM-3P	Verb - Aorist Indicative Middle - 3rd Person Plural
V-AIM-3S	Verb - Aorist Indicative Middle - 3rd Person Singular
V-AIP-1P	Verb - Aorist Indicative Passive - 1st Person Plural
V-AIP-1S	Verb - Aorist Indicative Passive - 1st Person Singular
V-AIP-2P	Verb - Aorist Indicative Passive - 2nd Person Plural
V-AIP-2S	Verb - Aorist Indicative Passive - 2nd Person Singular
V-AIP-3P	Verb - Aorist Indicative Passive - 3rd Person Plural
V-AIP-3S	Verb - Aorist Indicative Passive - 3rd Person Singular
V-AMA-2P	Verb - Aorist Imperative Active - 2nd Person Plural
V-AMA-2S	Verb - Aorist Imperative Active - 2nd Person Singular
V-AMA-3P	Verb - Aorist Imperative Active - 3rd Person Plural
V-AMA-3S	Verb - Aorist Imperative Active - 3rd Person Singular
V-AMM-2P	Verb - Aorist Imperative Middle - 2nd Person Plural
V-AMM-2S	Verb - Aorist Imperative Middle - 2nd Person Singular
V-AMM-3P	Verb - Aorist Imperative Middle - 3rd Person Plural
V-AMM-3S	Verb - Aorist Imperative Middle - 3rd Person Singular
V-AMP-2P	Verb - Aorist Imperative Passive - 2nd Person Plural
V-AMP-2S	Verb - Aorist Imperative Passive - 2nd Person Singular
V-AMP-3P	Verb - Aorist Imperative Passive - 3rd Person Plural
V-AMP-3S	Verb - Aorist Imperative Passive - 3rd Person Singular
V-ANA	Verb - Aorist Infinitive Active
V-ANM	Verb - Aorist Infinitive Middle
V-ANM-3S	Verb - Aorist Infinitive Middle - 3rd Person Singular
V-ANM/P	Verb - Aorist Infinitive Middle or Passive
V-ANP	Verb - Aorist Infinitive Passive
V-AOA-3P	Verb - Aorist Optative Active - 3rd Person Plural
V-AOA-3S	Verb - Aorist Optative Active - 3rd Person Singular
V-AOM-1S	Verb - Aorist Optative Middle - 1st Person Singular
V-AOM-3S	Verb - Aorist Optative Middle - 3rd Person Singular
V-AOP-3S	Verb - Aorist Optative Passive - 3rd Person Singular
V-APA-AFP	Verb - Aorist Participle Active - Accusative Feminine Plural
V-APA-AFS	Verb - Aorist Participle Active - Accusative Feminine Singular
V-APA-AMP	Verb - Aorist Participle Active - Accusative Masculine Plural
V-APA-AMS	Verb - Aorist Participle Active - Accusative Masculine Singular
V-APA-ANP	Verb - Aorist Participle Active - Accusative Neuter Plural
V-APA-ANS	Verb - Aorist Participle Active - Accusative Neuter Singular
V-APA-DFP	Verb - Aorist Participle Active - Dative Feminine Plural
V-APA-DFS	Verb - Aorist Participle Active - Dative Feminine Singular
V-APA-DMP	Verb - Aorist Participle Active - Dative Masculine Plural
V-APA-DMS	Verb - Aorist Participle Active - Dative Masculine Singular
V-APA-GFS	Verb - Aorist Participle Active - Genitive Feminine Singular
V-APA-GMP	Verb - Aorist Participle Active - Genitive Masculine Plural
V-APA-GMS	Verb - Aorist Participle Active - Genitive Masculine Singular
V-APA-GNS	Verb - Aorist Participle Active - Genitive Neuter Singular
V-APA-NFP	Verb - Aorist Participle Active - Nominative Feminine Plural
V-APA-NFS	Verb - Aorist Participle Active - Nominative Feminine Singular
V-APA-NMP	Verb - Aorist Participle Active - Nominative Masculine Plural
V-APA-NMS	Verb - Aorist Participle Active - Nominative Masculine Singular
V-APA-NNP	Verb - Aorist Participle Active - Nominative Neuter Plural
V-APA-NNS	Verb - Aorist Participle Active - Nominative Neuter Singular
V-APM-AFS	Verb - Aorist Participle Middle - Accusative Feminine Singular
V-APM-AMP	Verb - Aorist Participle Middle - Accusative Masculine Plural
V-APM-AMS	Verb - Aorist Participle Middle - Accusative Masculine Singular
V-APM-ANP	Verb - Aorist Participle Middle - Accusative Neuter Plural
V-APM-ANS	Verb - Aorist Participle Middle - Accusative Neuter Singular
V-APM-DMP	Verb - Aorist Participle Middle - Dative Masculine Plural
V-APM-DNP	Verb - Aorist Participle Middle - Dative Neuter Plural
V-APM-GFP	Verb - Aorist Participle Middle - Genitive Feminine Plural
V-APM-GFS	Verb - Aorist Participle Middle - Genitive Feminine Singular
V-APM-GMP	Verb - Aorist Participle Middle - Genitive Masculine Plural
V-APM-GMS	Verb - Aorist Participle Middle - Genitive Masculine Singular
V-APM-GNP	Verb - Aorist Participle Middle - Genitive Neuter Plural
V-APM-GNS	Verb - Aorist Participle Middle - Genitive Neuter Singular
V-APM-NFP	Verb - Aorist Participle Middle - Nominative Feminine Plural
V-APM-NFS	Verb - Aorist Participle Middle - Nominative Feminine Singular
V-APM-NMP	Verb - Aorist Participle Middle - Nominative Masculine Plural
V-APM-NMS	Verb - Aorist Participle Middle - Nominative Masculine Singular
V-APM-NNS	Verb - Aorist Participle Middle - Nominative Neuter Singular
V-APM/P-ANP	Verb - Aorist Participle Middle or Passive - Accusative Neuter Plural
V-APM/P-GFS	Verb - Aorist Participle Middle or Passive - Genitive Feminine Singular
V-APM/P-NMS	Verb - Aorist Participle Middle or Passive - Nominative Masculine Singular
V-APP-AFS	Verb - Aorist Participle Passive - Accusative Feminine Singular
V-APP-AMP	Verb - Aorist Participle Passive - Accusative Masculine Plural
V-APP-AMS	Verb - Aorist Participle Passive - Accusative Masculine Singular
V-APP-ANP	Verb - Aorist Participle Passive - Accusative Neuter Plural
V-APP-ANS	Verb - Aorist Participle Passive - Accusative Neuter Singular
V-APP-DFS	Verb - Aorist Participle Passive - Dative Feminine Singular
V-APP-DMS	Verb - Aorist Participle Passive - Dative Masculine Singular
V-APP-DNP	Verb - Aorist Participle Passive - Dative Neuter Plural
V-APP-DNS	Verb - Aorist Participle Passive - Dative Neuter Singular
V-APP-GFP	Verb - Aorist Participle Passive - Genitive Feminine Plural
V-APP-GFS	Verb - Aorist Participle Passive - Genitive Feminine Singular
V-APP-GMP	Verb - Aorist Participle Passive - Genitive Masculine Plural
V-APP-GMS	Verb - Aorist Participle Passive - Genitive Masculine Singular
V-APP-GNP	Verb - Aorist Participle Passive - Genitive Neuter Plural
V-APP-GNS	Verb - Aorist Participle Passive - Genitive Neuter Singular
V-APP-NFP	Verb - Aorist Participle Passive - Nominative Feminine Plural
V-APP-NFS	Verb - Aorist Participle Passive - Nominative Feminine Singular
V-APP-NMP	Verb - Aorist Participle Passive - Nominative Masculine Plural
V-APP-NMS	Verb - Aorist Participle Passive - Nominative Masculine Singular
V-APP-NNP	Verb - Aorist Participle Passive - Nominative Neuter Plural
V-APP-NNS	Verb - Aorist Participle Passive - Nominative Neuter Singular
V-ASA-1P	Verb - Aorist Subjunctive Active - 1st Person Plural
V-ASA-1S	Verb - Aorist Subjunctive Active - 1st Person Singular
V-ASA-2P	Verb - Aorist Subjunctive Active - 2nd Person Plural
V-ASA-2S	Verb - Aorist Subjunctive Active - 2nd Person Singular
V-ASA-3P	Verb - Aorist Subjunctive Active - 3rd Person Plural
V-ASA-3S	Verb - Aorist Subjunctive Active - 3rd Person Singular
V-ASM-1P	Verb - Aorist Subjunctive Middle - 1st Person Plural
V-ASM-1S	Verb - Aorist Subjunctive Middle - 1st Person Singular
V-ASM-2P	Verb - Aorist Subjunctive Middle - 2nd Person Plural
V-ASM-2S	Verb - Aorist Subjunctive Middle - 2nd Person Singular
V-ASM-3P	Verb - Aorist Subjunctive Middle - 3rd Person Plural
V-ASM-3S	Verb - Aorist Subjunctive Middle - 3rd Person Singular
V-ASP-1P	Verb - Aorist Subjunctive Passive - 1st Person Plural
V-ASP-1S	Verb - Aorist Subjunctive Passive - 1st Person Singular
V-ASP-2P	Verb - Aorist Subjunctive Passive - 2nd Person Plural
V-ASP-2S	Verb - Aorist Subjunctive Passive - 2nd Person Singular
V-ASP-3P	Verb - Aorist Subjunctive Passive - 3rd Person Plural
V-ASP-3S	Verb - Aorist Subjunctive Passive - 3rd Person Singular
V-FI-3P	Verb - Future Indicative - 3rd Person Plural
V-FIA-1P	Verb - Future Indicative Active - 1st Person Plural
V-FIA-1S	Verb - Future Indicative Active - 1st Person Singular
V-FIA-2P	Verb - Future Indicative Active - 2nd Person Plural
V-FIA-2S	Verb - Future Indicative Active - 2nd Person Singular
V-FIA-3P	Verb - Future Indicative Active - 3rd Person Plural
V-FIA-3S	Verb - Future Indicative Active - 3rd Person Singular
V-FIM-1P	Verb - Future Indicative Middle - 1st Person Plural
V-FIM-1S	Verb - Future Indicative Middle - 1st Person Singular
V-FIM-2P	Verb - Future Indicative Middle - 2nd Person Plural
V-FIM-2S	Verb - Future Indicative Middle - 2nd Person Singular
V-FIM-3P	Verb - Future Indicative Middle - 3rd Person Plural
V-FIM-3S	Verb - Future Indicative Middle - 3rd Person Singular
V-FIM/P-2P	Verb - Future Indicative Middle or Passive - 2nd Person Plural
V-FIP-1P	Verb - Future Indicative Passive - 1st Person Plural
V-FIP-1S	Verb - Future Indicative Passive - 1st Person Singular
V-FIP-2P	Verb - Future Indicative Passive - 2nd Person Plural
V-FIP-2S	Verb - Future Indicative Passive - 2nd Person Singular
V-FIP-3P	Verb - Future Indicative Passive - 3rd Person Plural
V-FIP-3S	Verb - Future Indicative Passive - 3rd Person Singular
V-FNA	Verb - Future Infinitive Active
V-FNM	Verb - Future Infinitive Middle
V-FPA-ANP	Verb - Future Participle Active - Accusative Neuter Plural
V-FPA-NMP	Verb - Future Participle Active - Nominative Masculine Plural
V-FPA-NMS	Verb - Future Participle Active - Nominative Masculine Singular
V-FPM-ANS	Verb - Future Participle Middle - Accusative Neuter Singular
V-FPP-GNP	Verb - Future Participle Passive - Genitive Neuter Plural
V-IIA-1P	Verb - Imperfect Indicative Active - 1st Person Plural
V-IIA-1S	Verb - Imperfect Indicative Active - 1st Person Singular
V-IIA-2P	Verb - Imperfect Indicative Active - 2nd Person Plural
V-IIA-2S	Verb - Imperfect Indicative Active - 2nd Person Singular
V-IIA-3P	Verb - Imperfect Indicative Active - 3rd Person Plural
V-IIA-3S	Verb - Imperfect Indicative Active - 3rd Person Singular
V-IIM-1P	Verb - Imperfect Indicative Middle - 1st Person Plural
V-IIM-1S	Verb - Imperfect Indicative Middle - 1st Person Singular
V-IIM-2S	Verb - Imperfect Indicative Middle - 2nd Person Singular
V-IIM-3P	Verb - Imperfect Indicative Middle - 3rd Person Plural
V-IIM-3S	Verb - Imperfect Indicative Middle - 3rd Person Singular
V-IIM/P-1P	Verb - Imperfect Indicative Middle or Passive - 1st Person Plural
V-IIM/P-1S	Verb - Imperfect Indicative Middle or Passive - 1st Person Singular
V-IIM/P-2P	Verb - Imperfect Indicative Middle or Passive - 2nd Person Plural
V-IIM/P-2S	Verb - Imperfect Indicative Middle or Passive - 2nd Person Singular
V-IIM/P-3P	Verb - Imperfect Indicative Middle or Passive - 3rd Person Plural
V-IIM/P-3S	Verb - Imperfect Indicative Middle or Passive - 3rd Person Singular
V-IIP-1P	Verb - Imperfect Indicative Passive - 1st Person Plural
V-IIP-3P	Verb - Imperfect Indicative Passive - 3rd Person Plural
V-IIP-3S	Verb - Imperfect Indicative Passive - 3rd Person Singular
V-LIA-1S	Verb - Pluperfect Indicative Active - 1st Person Singular
V-LIA-2P	Verb - Pluperfect Indicative Active - 2nd Person Plural
V-LIA-2S	Verb - Pluperfect Indicative Active - 2nd Person Singular
V-LIA-3P	Verb - Pluperfect Indicative Active - 3rd Person Plural
V-LIA-3S	Verb - Pluperfect Indicative Active - 3rd Person Singular
V-LIM-3P	Verb - Pluperfect Indicative Middle - 3rd Person Plural
V-LIM-3S	Verb - Pluperfect Indicative Middle - 3rd Person Singular
V-LIM/P-3S	Verb - Pluperfect Indicative Middle or Passive - 3rd Person Singular
V-M-2P	Verb - Imperative - 2nd Person Plural
V-M-2S	Verb - Imperative - 2nd Person Singular
V-PI-3S	Verb - Present Indicative - 3rd Person Singular
V-PIA-1P	Verb - Present Indicative Active - 1st Person Plural
V-PIA-1S	Verb - Present Indicative Active - 1st Person Singular
V-PIA-2P	Verb - Present Indicative Active - 2nd Person Plural
V-PIA-2S	Verb - Present Indicative Active - 2nd Person Singular
V-PIA-3P	Verb - Present Indicative Active - 3rd Person Plural
V-PIA-3S	Verb - Present Indicative Active - 3rd Person Singular
V-PIM-1P	Verb - Present Indicative Middle - 1st Person Plural
V-PIM-1S	Verb - Present Indicative Middle - 1st Person Singular
V-PIM-2P	Verb - Present Indicative Middle - 2nd Person Plural
V-PIM-3P	Verb - Present Indicative Middle - 3rd Person Plural
V-PIM-3S	Verb - Present Indicative Middle - 3rd Person Singular
V-PIM/P-1P	Verb - Present Indicative Middle or Passive - 1st Person Plural
V-PIM/P-1S	Verb - Present Indicative Middle or Passive - 1st Person Singular
V-PIM/P-2P	Verb - Present Indicative Middle or Passive - 2nd Person Plural
V-PIM/P-2S	Verb - Present Indicative Middle or Passive - 2nd Person Singular
V-PIM/P-3P	Verb - Present Indicative Middle or Passive - 3rd Person Plural
V-PIM/P-3S	Verb - Present Indicative Middle or Passive - 3rd Person Singular
V-PIP-1S	Verb - Present Indicative Passive - 1st Person Singular
V-PIP-3S	Verb - Present Indicative Passive - 3rd Person Singular
V-PMA-2P	Verb - Present Imperative Active - 2nd Person Plural
V-PMA-2S	Verb - Present Imperative Active - 2nd Person Singular
V-PMA-3P	Verb - Present Imperative Active - 3rd Person Plural
V-PMA-3S	Verb - Present Imperative Active - 3rd Person Singular
V-PMM-2P	Verb - Present Imperative Middle - 2nd Person Plural
V-PMM-2S	Verb - Present Imperative Middle - 2nd Person Singular
V-PMM/P-2P	Verb - Present Imperative Middle or Passive - 2nd Person Plural
V-PMM/P-2S	Verb - Present Imperative Middle or Passive - 2nd Person Singular
V-PMM/P-3P	Verb - Present Imperative Middle or Passive - 3rd Person Plural
V-PMM/P-3S	Verb - Present Imperative Middle or Passive - 3rd Person Singular
V-PMP-2P	Verb - Present Imperative Passive - 2nd Person Plural
V-PMP-3S	Verb - Present Imperative Passive - 3rd Person Singular
V-PNA	Verb - Present Infinitive Active
V-PNM	Verb - Present Infinitive Middle
V-PNM/P	Verb - Present Infinitive Middle or Passive
V-PNP	Verb - Present Infinitive Passive
V-POA-2P	Verb - Present Optative Active - 2nd Person Plural
V-POA-3P	Verb - Present Optative Active - 3rd Person Plural
V-POA-3S	Verb - Present Optative Active - 3rd Person Singular
V-POM/P-1S	Verb - Present Optative Middle or Passive - 1st Person Singular
V-POM/P-3P	Verb - Present Optative Middle or Passive - 3rd Person Plural
V-POM/P-3S	Verb - Present Optative Middle or Passive - 3rd Person Singular
V-PPA-AFP	Verb - Present Participle Active - Accusative Feminine Plural
V-PPA-AFS	Verb - Present Participle Active - Accusative Feminine Singular
V-PPA-AMP	Verb - Present Participle Active - Accusative Masculine Plural
V-PPA-AMS	Verb - Present Participle Active - Accusative Masculine Singular
V-PPA-ANP	Verb - Present Participle Active - Accusative Neuter Plural
V-PPA-ANS	Verb - Present Participle Active - Accusative Neuter Singular
V-PPA-DFP	Verb - Present Participle Active - Dative Feminine Plural
V-PPA-DFS	Verb - Present Participle Active - Dative Feminine Singular
V-PPA-DMP	Verb - Present Participle Active - Dative Masculine Plural
V-PPA-DMS	Verb - Present Participle Active - Dative Masculine Singular
V-PPA-DNP	Verb - Present Participle Active - Dative Neuter Plural
V-PPA-DNS	Verb - Present Participle Active - Dative Neuter Singular
V-PPA-GFP	Verb - Present Participle Active - Genitive Feminine Plural
V-PPA-GFS	Verb - Present Participle Active - Genitive Feminine Singular
V-PPA-GMP	Verb - Present Participle Active - Genitive Masculine Plural
V-PPA-GMS	Verb - Present Participle Active - Genitive Masculine Singular
V-PPA-GNP	Verb - Present Participle Active - Genitive Neuter Plural
V-PPA-GNS	Verb - Present Participle Active - Genitive Neuter Singular
V-PPA-NFP	Verb - Present Participle Active - Nominative Feminine Plural
V-PPA-NFS	Verb - Present Participle Active - Nominative Feminine Singular
V-PPA-NM3S	Verb - Present Participle Active - Nominative Masculine 3rd Person Singular
V-PPA-NMP	Verb - Present Participle Active - Nominative Masculine Plural
V-PPA-NMS	Verb - Present Participle Active - Nominative Masculine Singular
V-PPA-NNP	Verb - Present Participle Active - Nominative Neuter Plural
V-PPA-NNS	Verb - Present Participle Active - Nominative Neuter Singular
V-PPA-VFS	Verb - Present Participle Active - Vocative Feminine Singular
V-PPA-VMP	Verb - Present Participle Active - Vocative Masculine Plural
V-PPA-VMS	Verb - Present Participle Active - Vocative Masculine Singular
V-PPM-AFS	Verb - Present Participle Middle - Accusative Feminine Singular
V-PPM-AMP	Verb - Present Participle Middle - Accusative Masculine Plural
V-PPM-AMS	Verb - Present Participle Middle - Accusative Masculine Singular
V-PPM-ANS	Verb - Present Participle Middle - Accusative Neuter Singular
V-PPM-DMP	Verb - Present Participle Middle - Dative Masculine Plural
V-PPM-DMS	Verb - Present Participle Middle - Dative Masculine Singular
V-PPM-GFP	Verb - Present Participle Middle - Genitive Feminine Plural
V-PPM-GFS	Verb - Present Participle Middle - Genitive Feminine Singular
V-PPM-GMP	Verb - Present Participle Middle - Genitive Masculine Plural
V-PPM-GMS	Verb - Present Participle Middle - Genitive Masculine Singular
V-PPM-GNP	Verb - Present Participle Middle - Genitive Neuter Plural
V-PPM-GNS	Verb - Present Participle Middle - Genitive Neuter Singular
V-PPM-NFP	Verb - Present Participle Middle - Nominative Feminine Plural
V-PPM-NFS	Verb - Present Participle Middle - Nominative Feminine Singular
V-PPM-NMP	Verb - Present Participle Middle - Nominative Masculine Plural
V-PPM-NMS	Verb - Present Participle Middle - Nominative Masculine Singular
V-PPM-NNS	Verb - Present Participle Middle - Nominative Neuter Singular
V-PPM/P-AFP	Verb - Present Participle Middle or Passive - Accusative Feminine Plural
V-PPM/P-AFS	Verb - Present Participle Middle or Passive - Accusative Feminine Singular
V-PPM/P-AMP	Verb - Present Participle Middle or Passive - Accusative Masculine Plural
V-PPM/P-AMS	Verb - Present Participle Middle or Passive - Accusative Masculine Singular
V-PPM/P-ANP	Verb - Present Participle Middle or Passive - Accusative Neuter Plural
V-PPM/P-ANS	Verb - Present Participle Middle or Passive - Accusative Neuter Singular
V-PPM/P-DFP	Verb - Present Participle Middle or Passive - Dative Feminine Plural
V-PPM/P-DFS	Verb - Present Participle Middle or Passive - Dative Feminine Singular
V-PPM/P-DMP	Verb - Present Participle Middle or Passive - Dative Masculine Plural
V-PPM/P-DMS	Verb - Present Participle Middle or Passive - Dative Masculine Singular
V-PPM/P-DNP	Verb - Present Participle Middle or Passive - Dative Neuter Plural
V-PPM/P-DNS	Verb - Present Participle Middle or Passive - Dative Neuter Singular
V-PPM/P-GFP	Verb - Present Participle Middle or Passive - Genitive Feminine Plural
V-PPM/P-GFS	Verb - Present Participle Middle or Passive - Genitive Feminine Singular
V-PPM/P-GMP	Verb - Present Participle Middle or Passive - Genitive Masculine Plural
V-PPM/P-GMS	Verb - Present Participle Middle or Passive - Genitive Masculine Singular
V-PPM/P-GNP	Verb - Present Participle Middle or Passive - Genitive Neuter Plural
V-PPM/P-GNS	Verb - Present Participle Middle or Passive - Genitive Neuter Singular
V-PPM/P-NFP	Verb - Present Participle Middle or Passive - Nominative Feminine Plural
V-PPM/P-NFS	Verb - Present Participle Middle or Passive - Nominative Feminine Singular
V-PPM/P-NMP	Verb - Present Participle Middle or Passive - Nominative Masculine Plural
V-PPM/P-NMS	Verb - Present Participle Middle or Passive - Nominative Masculine Singular
V-PPM/P-NNP	Verb - Present Participle Middle or Passive - Nominative Neuter Plural
V-PPM/P-NNS	Verb - Present Participle Middle or Passive - Nominative Neuter Singular
V-PPM/P-VMP	Verb - Present Participle Middle or Passive - Vocative Masculine Plural
V-PPM/P-VMS	Verb - Present Participle Middle or Passive - Vocative Masculine Singular
V-PPP-DMP	Verb - Present Participle Passive - Dative Masculine Plural
V-PPP-GMP	Verb - Present Participle Passive - Genitive Masculine Plural
V-PPP-GMS	Verb - Present Participle Passive - Genitive Masculine Singular
V-PPP-NMP	Verb - Present Participle Passive - Nominative Masculine Plural
V-PSA-1P	Verb - Present Subjunctive Active - 1st Person Plural
V-PSA-1S	Verb - Present Subjunctive Active - 1st Person Singular
V-PSA-2P	Verb - Present Subjunctive Active - 2nd Person Plural
V-PSA-2S	Verb - Present Subjunctive Active - 2nd Person Singular
V-PSA-3P	Verb - Present Subjunctive Active - 3rd Person Plural
V-PSA-3S	Verb - Present Subjunctive Active - 3rd Person Singular
V-PSM-1P	Verb - Present Subjunctive Middle - 1st Person Plural
V-PSM-1S	Verb - Present Subjunctive Middle - 1st Person Singular
V-PSM-2S	Verb - Present Subjunctive Middle - 2nd Person Singular
V-PSM-3S	Verb - Present Subjunctive Middle - 3rd Person Singular
V-PSM/P-1P	Verb - Present Subjunctive Middle or Passive - 1st Person Plural
V-PSM/P-1S	Verb - Present Subjunctive Middle or Passive - 1st Person Singular
V-PSM/P-2P	Verb - Present Subjunctive Middle or Passive - 2nd Person Plural
V-PSM/P-2S	Verb - Present Subjunctive Middle or Passive - 2nd Person Singular
V-PSM/P-3P	Verb - Present Subjunctive Middle or Passive - 3rd Person Plural
V-PSM/P-3S	Verb - Present Subjunctive Middle or Passive - 3rd Person Singular
V-RIA-1P	Verb - Perfect Indicative Active - 1st Person Plural
V-RIA-1S	Verb - Perfect Indicative Active - 1st Person Singular
V-RIA-2P	Verb - Perfect Indicative Active - 2nd Person Plural
V-RIA-2S	Verb - Perfect Indicative Active - 2nd Person Singular
V-RIA-3P	Verb - Perfect Indicative Active - 3rd Person Plural
V-RIA-3S	Verb - Perfect Indicative Active - 3rd Person Singular
V-RIM-2S	Verb - Perfect Indicative Middle - 2nd Person Singular
V-RIM-3S	Verb - Perfect Indicative Middle - 3rd Person Singular
V-RIM/P-1P	Verb - Perfect Indicative Middle or Passive - 1st Person Plural
V-RIM/P-1S	Verb - Perfect Indicative Middle or Passive - 1st Person Singular
V-RIM/P-2P	Verb - Perfect Indicative Middle or Passive - 2nd Person Plural
V-RIM/P-2S	Verb - Perfect Indicative Middle or Passive - 2nd Person Singular
V-RIM/P-3P	Verb - Perfect Indicative Middle or Passive - 3rd Person Plural
V-RIM/P-3S	Verb - Perfect Indicative Middle or Passive - 3rd Person Singular
V-RIP-1P	Verb - Perfect Indicative Passive - 1st Person Plural
V-RMA-2P	Verb - Perfect Imperative Active - 2nd Person Plural
V-RMM/P-2P	Verb - Perfect Imperative Middle or Passive - 2nd Person Plural
V-RMM/P-2S	Verb - Perfect Imperative Middle or Passive - 2nd Person Singular
V-RNA	Verb - Perfect Infinitive Active
V-RNM/P	Verb - Perfect Infinitive Middle or Passive
V-RPA-AFS	Verb - Perfect Participle Active - Accusative Feminine Singular
V-RPA-AMP	Verb - Perfect Participle Active - Accusative Masculine Plural
V-RPA-AMS	Verb - Perfect Participle Active - Accusative Masculine Singular
V-RPA-ANP	Verb - Perfect Participle Active - Accusative Neuter Plural
V-RPA-ANS	Verb - Perfect Participle Active - Accusative Neuter Singular
V-RPA-DMP	Verb - Perfect Participle Active - Dative Masculine Plural
V-RPA-DMS	Verb - Perfect Participle Active - Dative Masculine Singular
V-RPA-DNS	Verb - Perfect Participle Active - Dative Neuter Singular
V-RPA-GFS	Verb - Perfect Participle Active - Genitive Feminine Singular
V-RPA-GMP	Verb - Perfect Participle Active - Genitive Masculine Plural
V-RPA-GMS	Verb - Perfect Participle Active - Genitive Masculine Singular
V-RPA-GNP	Verb - Perfect Participle Active - Genitive Neuter Plural
V-RPA-NFP	Verb - Perfect Participle Active - Nominative Feminine Plural
V-RPA-NFS	Verb - Perfect Participle Active - Nominative Feminine Singular
V-RPA-NMP	Verb - Perfect Participle Active - Nominative Masculine Plural
V-RPA-NMS	Verb - Perfect Participle Active - Nominative Masculine Singular
V-RPA-NNP	Verb - Perfect Participle Active - Nominative Neuter Plural
V-RPA-NNS	Verb - Perfect Participle Active - Nominative Neuter Singular
V-RPM-AMS	Verb - Perfect Participle Middle - Accusative Masculine Singular
V-RPM-NMP	Verb - Perfect Participle Middle - Nominative Masculine Plural
V-RPM-NMS	Verb - Perfect Participle Middle - Nominative Masculine Singular
V-RPM/P-AFP	Verb - Perfect Participle Middle or Passive - Accusative Feminine Plural
V-RPM/P-AFS	Verb - Perfect Participle Middle or Passive - Accusative Feminine Singular
V-RPM/P-AMP	Verb - Perfect Participle Middle or Passive - Accusative Masculine Plural
V-RPM/P-AMS	Verb - Perfect Participle Middle or Passive - Accusative Masculine Singular
V-RPM/P-ANP	Verb - Perfect Participle Middle or Passive - Accusative Neuter Plural
V-RPM/P-ANS	Verb - Perfect Participle Middle or Passive - Accusative Neuter Singular
V-RPM/P-DFP	Verb - Perfect Participle Middle or Passive - Dative Feminine Plural
V-RPM/P-DFS	Verb - Perfect Participle Middle or Passive - Dative Feminine Singular
V-RPM/P-DMP	Verb - Perfect Participle Middle or Passive - Dative Masculine Plural
V-RPM/P-DMS	Verb - Perfect Participle Middle or Passive - Dative Masculine Singular
V-RPM/P-DNP	Verb - Perfect Participle Middle or Passive - Dative Neuter Plural
V-RPM/P-DNS	Verb - Perfect Participle Middle or Passive - Dative Neuter Singular
V-RPM/P-GFP	Verb - Perfect Participle Middle or Passive - Genitive Feminine Plural
V-RPM/P-GFS	Verb - Perfect Participle Middle or Passive - Genitive Feminine Singular
V-RPM/P-GMP	Verb - Perfect Participle Middle or Passive - Genitive Masculine Plural
V-RPM/P-GMS	Verb - Perfect Participle Middle or Passive - Genitive Masculine Singular
V-RPM/P-GNP	Verb - Perfect Participle Middle or Passive - Genitive Neuter Plural
V-RPM/P-GNS	Verb - Perfect Participle Middle or Passive - Genitive Neuter Singular
V-RPM/P-NFP	Verb - Perfect Participle Middle or Passive - Nominative Feminine Plural
V-RPM/P-NFS	Verb - Perfect Participle Middle or Passive - Nominative Feminine Singular
V-RPM/P-NMP	Verb - Perfect Participle Middle or Passive - Nominative Masculine Plural
V-RPM/P-NMS	Verb - Perfect Participle Middle or Passive - Nominative Masculine Singular
V-RPM/P-NNP	Verb - Perfect Participle Middle or Passive - Nominative Neuter Plural
V-RPM/P-NNS	Verb - Perfect Participle Middle or Passive - Nominative Neuter Singular
V-RPM/P-VFS	Verb - Perfect Participle Middle or Passive - Vocative Feminine Singular
V-RPM/P-VMP	Verb - Perfect Participle Middle or Passive - Vocative Masculine Plural
V-RPM/P-VMS	Verb - Perfect Participle Middle or Passive - Vocative Masculine Singular
V-RPP-AFS	Verb - Perfect Participle Passive - Accusative Feminine Singular
V-RPP-AMP	Verb - Perfect Participle Passive - Accusative Masculine Plural
V-RPP-NFS	Verb - Perfect Participle Passive - Nominative Feminine Singular
V-RSA-1P	Verb - Perfect Subjunctive Active - 1st Person Plural
V-RSA-1S	Verb - Perfect Subjunctive Active - 1st Person Singular
V-RSA-2P	Verb - Perfect Subjunctive Active - 2nd Person Plural
V-RSA-2S	Verb - Perfect Subjunctive Active - 2nd Person Singular
